term,estimate,std.error,statistic,p.value,n,df,N,code,outcome,upper,lower
pre24,0.0632739087815164,0.028698574667546613,2.2047753072931813,0.027492752579431633,2133,9911,2120,levio,losat,0.10006401144824942,0.026483806114783383
pre12,-0.03599430552497274,0.027167255763282383,-1.324915031485089,0.1852298799645973,2496,9911,2120,levio,losat,-0.0011688456877161982,-0.07081976536222928
post03,-0.11925984530070616,0.03858593563144979,-3.090759452869206,0.0020019885987304607,1046,9911,2120,levio,losat,-0.06977869931940794,-0.16874099128200437
post06,-0.07761780373172622,0.04685434958279263,-1.6565762714211605,0.0976368270528756,646,9911,2120,levio,losat,-0.017509976378887362,-0.1377256310845651
post09,-0.12346532635075493,0.05052671824046079,-2.4435651205996267,0.01456026630978717,548,9911,2120,levio,losat,-0.05863443546011533,-0.1882962172413945
post12,-0.021068682086377747,0.049055756143088096,-0.42948440189003795,0.6675800790097066,640,9911,2120,levio,losat,0.04186385958304162,-0.0840012237557971
post24,-0.020422075145036998,0.030648597650123458,-0.6663298392366978,0.5052158064360576,2626,9911,2120,levio,losat,0.018865570127635557,-0.059709720417709555
post36,0.0020828607942759213,0.03224373131319616,0.06459738713377393,0.948495867921791,2323,9911,2120,levio,losat,0.04341662438869521,-0.039250902800143365
post48,0.017743428559830927,0.03728559819463797,0.4758788759994363,0.6341711611856914,2050,9911,2120,levio,losat,0.06554225564994531,-0.030055398530283457
pre24,-0.022284938366186793,0.0399043751558432,-0.5584585218827467,0.5765494099715935,1342,6912,1574,lercl,losat,0.028879780732634808,-0.0734496574650084
pre12,-0.004230909400727406,0.036859200797280764,-0.11478570639652977,0.9086183129181252,1605,6912,1574,lercl,losat,0.04302551940522568,-0.05148733820668049
post03,-0.044430799513707986,0.05605044433991061,-0.7926930827570821,0.42798386789490883,684,6912,1574,lercl,losat,0.0274702788598397,-0.11633187788725567
post06,0.06965329957888952,0.05961360918443729,1.168412725412928,0.24268062152787945,482,6912,1574,lercl,losat,0.14615628401571445,-0.006849684857935412
post09,0.07065939385526139,0.0635198952568373,1.1123978333017732,0.2660058227886651,319,6912,1574,lercl,losat,0.15223287787163164,-0.01091409016110885
post12,0.00913220150972399,0.06029632609973349,0.1514553555820104,0.8796209455853369,367,6912,1574,lercl,losat,0.08654477971904494,-0.06828037669959695
post24,0.08414171366149774,0.04179753966368313,2.013078146190658,0.04414510684868873,1717,6912,1574,lercl,losat,0.13772804488180906,0.030555382441186413
post36,0.06080622734972033,0.048626715857479755,1.250469546986014,0.21117040298052742,1537,6912,1574,lercl,losat,0.12315068414999605,-0.0015382294505553867
post48,0.09215091914459972,0.05458929274098366,1.6880768098945556,0.09144159799586517,1325,6912,1574,lercl,losat,0.1621448356869733,0.022157002602226153
pre24,0.003971662716807199,0.008703076086207339,0.45635160229168875,0.6481382930070819,23702,87662,13634,leinf,losat,0.015125414377372106,-0.00718208894375771
pre12,0.009635828211224719,0.008229361126517069,1.1709084172009003,0.2416387742305077,26939,87662,13634,leinf,losat,0.020182437478246645,-9.107810557972065e-4
post03,-0.012248347386485706,0.01130427308534565,-1.0835148172741784,0.27858295770858554,11077,87662,13634,leinf,losat,0.0022395255686190555,-0.02673622034159047
post06,-0.022439960080211045,0.01403625729656096,-1.5987139310782716,0.10988778471970655,6655,87662,13634,leinf,losat,-0.004449986561110557,-0.04042993359931153
post09,-0.0025373127766311317,0.016262207743714296,-0.15602511151118822,0.876013586765788,4474,87662,13634,leinf,losat,0.018306623356156786,-0.023381248909419047
post12,-0.01765468291553616,0.014320162754448978,-1.2328549066281536,0.2176332080107168,6481,87662,13634,leinf,losat,6.992151450701395e-4,-0.03600858097614246
post24,-0.02013319020845328,0.008463626157813231,-2.378790111123616,0.017371691357468966,27192,87662,13634,leinf,losat,-0.009286353336372191,-0.03098002708053437
post36,-0.0040055565735856,0.008883981150747252,-0.4508740513535065,0.6520814416154498,24139,87662,13634,leinf,losat,0.007380034972309819,-0.01539114811948102
post48,-0.02158262003715896,0.009834951676002096,-2.194481553968579,0.02820342249252493,21347,87662,13634,leinf,losat,-0.008978232252107879,-0.03418700782221004
pre24,0.010191981758886843,0.00981116061225516,1.038815096570328,0.2988940159157807,18103,76646,12823,ledrl,losat,0.022765948861598717,-0.0023819853438250323
pre12,-7.337949064216763e-4,0.009369405451540946,-0.07831819321054061,0.9375751502679307,20298,76646,12823,ledrl,losat,0.011273972127675863,-0.012741561940519217
post03,-0.002143636223050154,0.014001420593771277,-0.15310133773167128,0.8783187639921368,7116,76646,12823,ledrl,losat,0.015801572388458404,-0.02008884483455871
post06,-6.455468110760623e-4,0.01595057850955356,-0.04047168638362638,0.9677171849469137,5143,76646,12823,ledrl,losat,0.019798568515124116,-0.021089662137276238
post09,-0.01958920940307157,0.017658504086397235,-1.1093357232995518,0.26728886027733545,3835,76646,12823,ledrl,losat,0.003044974010643263,-0.0422233928167864
post12,0.0392154474168501,0.015712337943089516,2.495837828774396,0.012568088339926476,5243,76646,12823,ledrl,losat,0.05935415658052231,0.019076738253177884
post24,0.010808284935435456,0.009930703976091184,1.0883704681417454,0.2764350150955958,19945,76646,12823,ledrl,losat,0.023535415716654594,-0.0019188458457836833
post36,-8.498309178581742e-4,0.010479295484538936,-0.08109618810844751,0.9353656688966038,17469,76646,12823,ledrl,losat,0.012580434513708199,-0.014280096349424547
post48,0.0041072657752198654,0.011561928559194204,0.3552405426302095,0.7224103717334507,15185,76646,12823,ledrl,losat,0.01892511808557205,-0.010710586535132318
pre24,-0.047415928758325315,0.042729978763936166,-1.1096642247419992,0.26718809063569277,1197,6017,1535,ledhm,losat,0.007375005761153186,-0.10220686327780382
pre12,0.05868556908592938,0.04274570459433259,1.3728997952629411,0.1698346630160795,1480,6017,1535,ledhm,losat,0.11349087267918218,0.0038802654926765948
post03,-0.07393670130171233,0.0826573134095544,-0.8944967874211835,0.37109192618929154,227,6017,1535,ledhm,losat,0.03230346402636333,-0.180176866629788
post06,-0.04875135210436896,0.06461419190546062,-0.7544991381413365,0.4505790901827884,441,6017,1535,ledhm,losat,0.034179578762261555,-0.1316822829709995
post09,0.006501542237999984,0.05938547600496003,0.10948034225501464,0.9128251635389762,545,6017,1535,ledhm,losat,0.08269962362293039,-0.06969653914693043
post12,-0.0010457753446929173,0.07389419870964971,-0.014152333511349808,0.9887089177262212,295,6017,1535,ledhm,losat,0.09386672080613893,-0.09595827149552476
post24,-0.14044586819890598,0.05476636539207783,-2.5644547925253045,0.010357853765569474,1557,6017,1535,ledhm,losat,-0.07023013682073206,-0.2106615995770799
post36,-0.12072520594228578,0.06527448926052924,-1.8495005829986166,0.0644345718065167,1266,6017,1535,ledhm,losat,-0.037028874643481396,-0.20442153724109016
post48,-0.1309675947342867,0.07884703500795588,-1.6610338577864305,0.09675874632069112,1130,6017,1535,ledhm,losat,-0.0298618945161086,-0.23207329495246481
pre24,0.011775802919014587,0.009989511973963186,1.1788166378605098,0.23847551585947205,17622,64954,10372,ledfr,losat,0.02457835758357242,-0.001026751745543248
pre12,0.010257683587809784,0.009592001775161218,1.0693996757144446,0.2848935873775,19719,64954,10372,ledfr,losat,0.02255074032247608,-0.0020353731468565114
post03,-0.0029843599197830572,0.01307149459525104,-0.22831053465510323,0.8194055540497094,7892,64954,10372,ledfr,losat,0.013768836935982024,-0.01973755677554814
post06,-0.04333859737203679,0.016559943406356067,-2.617074002523613,0.008870765507059685,4969,64954,10372,ledfr,losat,-0.022113353651632573,-0.06456384109244101
post09,-0.019073017093912112,0.019874029382094198,-0.9596955266200939,0.337212047577245,3121,64954,10372,ledfr,losat,0.006401970184508554,-0.04454800437233278
post12,-0.023110167448795398,0.018628685623896142,-1.2405688686458152,0.21476953921928663,3656,64954,10372,ledfr,losat,7.677694185545918e-4,-0.04698810431614539
post24,-0.015424885956347088,0.00998927351672443,-1.5441449201007604,0.12255810042828784,19252,64954,10372,ledfr,losat,-0.0026226775372069043,-0.02822709437548727
post36,-0.013041848917326905,0.010741408099603089,-1.2141656658412243,0.22468888295727518,16933,64954,10372,ledfr,losat,7.243565310042829e-4,-0.026808054365658092
post48,-0.0254674419312079,0.011844220002113073,-2.1502000069793006,0.031543077251993644,14629,64954,10372,ledfr,losat,-0.0102877777377018,-0.040647106124714
pre24,-0.052431788089685426,0.02896364860681045,-1.8102618493084717,0.07029109661553881,2186,8356,1731,lejlf,losat,-0.015302153357579208,-0.08956142282179164
pre12,0.01004078066474836,0.025896545482549663,0.3877266437530952,0.698228212346691,2500,8356,1731,lejlf,losat,0.04323731439543825,-0.02315575306594153
post03,5.486872021244678e-4,0.04038299305022728,0.013587086064720994,0.9891597317193269,870,8356,1731,lejlf,losat,0.052340947054537144,-0.051243572650288206
post06,-0.01475530175957325,0.04401008993577292,-0.3352708840428802,0.737429171516741,640,8356,1731,lejlf,losat,0.04170426662785983,-0.07121487014700634
post09,-0.015790788192215667,0.056037755141388944,-0.2817883791449873,0.7781127602441312,412,8356,1731,lejlf,losat,0.05614010175250631,-0.08772167813693765
post12,-0.018501780685307615,0.046324000855065876,-0.3993994547922194,0.6896091031488334,616,8356,1731,lejlf,losat,0.04092865289974215,-0.07793221427035739
post24,-0.03226978923799945,0.02884729684623529,-1.1186417018553614,0.263325182183783,2400,8356,1731,lejlf,losat,0.004709692001598889,-0.06924927047759778
post36,-0.048637573147568565,0.03077417281856972,-1.5804672780098163,0.11403774404077917,2061,8356,1731,lejlf,losat,-0.009186232591506596,-0.08808891370363053
post48,-0.018179956552140778,0.03691133295380255,-0.49253048040541997,0.6223573205354294,1808,8356,1731,lejlf,losat,0.02914111950335516,-0.06550103260763672
pre24,-0.023676151657280688,0.07837480264829232,-0.3020888200960154,0.7626289382405755,320,1409,397,lejls,losat,0.07697363628765838,-0.12432593960221974
pre12,-0.10454812964962404,0.0821680474268628,-1.2723696488307281,0.20345174455889292,384,1409,397,lejls,losat,9.364049197341934e-4,-0.21003266421898226
post03,0.042758884954239344,0.12961034619449238,0.3299033310973158,0.7415220461250207,120,1409,397,lejls,losat,0.20978854054144416,-0.12427077063296546
post06,-0.22420380169584364,0.11747922753597072,-1.908454851111403,0.056535486087605696,117,1409,397,lejls,losat,-0.07278572962261379,-0.3756218737690735
post09,0.13040474028958618,0.13459917431086216,0.9688375947122174,0.33279249772257047,75,1409,397,lejls,losat,0.3044545009664066,-0.043645020387234196
post12,-0.13399423142280217,0.1266658159533234,-1.0578563001731998,0.2903022860109292,108,1409,397,lejls,losat,0.02934306697889877,-0.2973315298245031
post24,0.08413735665351496,0.08654008441234094,0.972235666568366,0.33110019206754016,381,1409,397,lejls,losat,0.19523607859130843,-0.02696136528427849
post36,-0.021055601233217324,0.09673473561333579,-0.21766329436594453,0.8277229807065416,327,1409,397,lejls,losat,0.10316668005417307,-0.14527788252060772
post48,-0.0014401309674452307,0.107955206146703,-0.01334007889798479,0.989358361237181,274,1409,397,lejls,losat,0.13724563453341634,-0.14012589646830678
pre24,0.014967780049810035,0.01702707923527853,0.8790574027986069,0.3793774178145364,5794,29073,5725,lepcm,losat,0.03679134871497334,-0.00685578861535327
pre12,-0.010587314975434818,0.016300977855884344,-0.6494895624689778,0.5160271218078984,6907,29073,5725,lepcm,losat,0.010305227196302136,-0.031479857147171775
post03,-0.057955173045956244,0.02253609571986941,-2.57165987251549,0.010126149224065144,3010,29073,5725,lepcm,losat,-0.029067662323571317,-0.08684268376834117
post06,-0.0549560429040985,0.0262782795384475,-2.0913105374228493,0.03650889293390096,1975,29073,5725,lepcm,losat,-0.021267798866607027,-0.08864428694158998
post09,-0.02369327621040119,0.02989534020623712,-0.7925407788287359,0.42805189103787555,1401,29073,5725,lepcm,losat,0.014637230357863872,-0.06202378277866625
post12,-0.03577772653801627,0.03217298574872235,-1.1120424699605966,0.266129085793978,1341,29073,5725,lepcm,losat,0.005473950187538809,-0.07702940326357136
post24,-0.0024632063566319504,0.017707591011661732,-0.13910454307476103,0.8893685017763482,7265,29073,5725,lepcm,losat,0.02023204855377797,-0.025158461267041875
post36,-0.015068503562915614,0.019485622791708023,-0.7733139311989512,0.4393429003329622,6530,29073,5725,lepcm,losat,0.009905853701582285,-0.04004286082741351
post48,-0.018741205196034987,0.022331567782039256,-0.8392247861392019,0.4013500812451457,5825,29073,5725,lepcm,losat,0.009881096979850325,-0.0473635073719203
pre24,0.005539060795560954,0.011137884214412596,0.4973171465001695,0.6189674546941136,13930,53796,9203,leins,losat,0.019813510724897773,-0.008735389133775865
pre12,-0.03143121797328958,0.01082326465116033,-2.9040422632481717,0.00368528240844083,15633,53796,9203,leins,losat,-0.017560060032700157,-0.045302375913879
post03,-0.13808867433801733,0.016095162124377164,-8.579514345423902,9.77680930142786e-18,5410,53796,9203,leins,losat,-0.11745937468592518,-0.15871797399010948
post06,-0.14421052807182247,0.018547117288575107,-7.775360765128451,7.656314621561066e-15,3869,53796,9203,leins,losat,-0.12043738078001806,-0.16798367536362688
post09,-0.1576429172420128,0.02079056734631968,-7.582424982256126,3.4458402804408164e-14,2937,53796,9203,leins,losat,-0.13099273685026497,-0.18429309763376062
post12,-0.13897774104343877,0.018179742363981975,-7.644648546768402,2.1298097339942337e-14,4209,53796,9203,leins,losat,-0.11567580568542615,-0.16227967640145138
post24,-0.06884132192431774,0.011392079301634323,-6.042911052633006,1.5234964542384406e-9,15051,53796,9203,leins,losat,-0.0542411440104701,-0.08344149983816539
post36,-0.054492575504611174,0.012095448241651374,-4.505213400604935,6.64456175444674e-6,13025,53796,9203,leins,losat,-0.038990848606712106,-0.06999430240251024
post48,-0.04558254658766302,0.01343734096441758,-3.392229661237797,6.937620670715291e-4,11152,53796,9203,leins,losat,-0.02836088101231435,-0.06280421216301169
pre24,-0.034278134636813215,0.008834795556485161,-3.879901285508687,1.0457875264504229e-4,23302,83765,15069,lemvd,losat,-0.022955567560184603,-0.04560070171344183
pre12,-0.08023587467510676,0.008269514561337926,-9.702609999652191,3.0192266699103535e-22,26863,83765,15069,lemvd,losat,-0.06963780471355852,-0.090833944636655
post03,0.062331897165716625,0.01284831819568132,4.851366242366891,1.2283370808827998e-6,9075,83765,15069,lemvd,losat,0.07879887827366774,0.045864916057765506
post06,0.02316636825411648,0.012937989566506767,1.7905694029997086,0.0733660305291103,8462,83765,15069,lemvd,losat,0.039748363681483684,0.006584372826749278
post09,-0.0017024454386495354,0.013671880159513603,-0.1245216765204664,0.900902537363296,7419,83765,15069,lemvd,losat,0.015820334439056456,-0.019225225316355524
post12,0.05789226063720882,0.014206332526446515,4.075102460781948,4.603642909919279e-5,6541,83765,15069,lemvd,losat,0.07610024748689428,0.03968427378752336
post24,-0.01068135182465092,0.008410817262320654,-1.2699540950083366,0.20410451007266983,28427,83765,15069,lemvd,losat,9.77947027716447e-5,-0.021460498352073486
post36,-0.0033402149987381696,0.009025627287819702,-0.37008120236095604,0.7113229233626042,24768,83765,15069,lemvd,losat,0.008226900304080095,-0.014907330301556434
post48,-3.9703608036688385e-4,0.01001948338098171,-0.039626402407185006,0.9683910723263007,21702,83765,15069,lemvd,losat,0.012443839417948773,-0.01323791157868254
pre24,-0.016157456775785502,0.018437172427539388,-0.876352208522566,0.38084727264385443,5335,24247,4882,lesep,losat,0.007473657035140292,-0.0397885705867113
pre12,-0.06612123046442572,0.017838486455495656,-3.7066614720586446,2.1047660594384411e-4,6159,24247,4882,lesep,losat,-0.0432578375662042,-0.08898462336264724
post03,-0.33671435568732366,0.030735398555155197,-10.955262385261866,7.287830508411093e-28,1826,24247,4882,lesep,losat,-0.29731109468164907,-0.37611761669299826
post06,-0.25392314466050586,0.031935114686049745,-7.951220690978993,1.9268784033131627e-15,1470,24247,4882,lesep,losat,-0.2129782357796301,-0.2948680535413816
post09,-0.2605074009982567,0.035443394111556045,-7.349956389005089,2.0454470480616497e-13,1296,24247,4882,lesep,losat,-0.21506168118563812,-0.3059531208108753
post12,-0.1650463726231647,0.026442725369188225,-6.241655136481551,4.4013543048583606e-10,2334,24247,4882,lesep,losat,-0.13114905838055765,-0.19894368686577177
post24,-0.10217792688601592,0.01963716240770301,-5.203293875388783,1.9737964553586806e-7,6361,24247,4882,lesep,losat,-0.07700927646375708,-0.12734657730827476
post36,-0.05419391761001499,0.020750952025398218,-2.6116352417799487,0.009016584640589825,5552,24247,4882,lesep,losat,-0.027597337436574068,-0.08079049778345591
post48,-0.06396751120216944,0.023070619560848223,-2.772682850300427,0.0055638710943790885,4858,24247,4882,lesep,losat,-0.03439730077260971,-0.09353772163172916
pre24,0.0031443264406675205,0.037326050896849455,0.0842394618535153,0.9328687472453505,1320,6237,1349,ledsc,losat,0.051003554946067405,-0.044714902064732366
pre12,-0.04735025161855406,0.038807609078688736,-1.2201280301124382,0.22246247554739856,1483,6237,1349,ledsc,losat,0.0024058792858224695,-0.09710638252293058
post03,-0.21765814207898998,0.06995600385644725,-3.1113575687604156,0.001870704716382037,389,6237,1349,ledsc,losat,-0.12785301185249914,-0.3074632723054808
post06,-0.2597256769046826,0.07152558592802705,-3.6312275325648193,2.843393947467419e-4,337,6237,1349,ledsc,losat,-0.16788137241595602,-0.3515699813934092
post09,-0.2163909984164096,0.07671726305247205,-2.8206298009928403,0.004808086305232544,263,6237,1349,ledsc,losat,-0.11782533885413221,-0.314956657978687
post12,-0.16554911695367786,0.06343704260533503,-2.609660068544167,0.009084877030590655,470,6237,1349,ledsc,losat,-0.08413660164382707,-0.24696163226352863
post24,7.007311669035295e-4,0.04528328488681763,0.015474389030189783,0.987654211590088,1484,6237,1349,ledsc,losat,0.05875945796211136,-0.0573579956283043
post36,-0.0013333735767479633,0.052215460461158394,-0.025535991925989474,0.9796282573740971,1307,6237,1349,ledsc,losat,0.06561729648938126,-0.0682840436428772
post48,0.02263320833229088,0.06322100175700576,0.35800141888423664,0.7203543666579028,1151,6237,1349,ledsc,losat,0.1037007502258007,-0.05843433356121895
pre24,0.07026361605798688,0.023928619944224776,2.9363839712346285,0.003323815898157918,5354,23744,4376,lebth,losat,0.10093316123179194,0.03959407088418183
pre12,0.18108768116099855,0.025128275022465302,7.206530531805373,5.911031090090845e-13,6220,23744,4376,lebth,losat,0.21329428240737114,0.14888107991462596
post03,0.2192197589134944,0.03318108419508771,6.606769014074253,4.011122672684859e-11,1945,23744,4376,lebth,losat,0.26175748422114825,0.17668203360584056
post06,0.15911381390755508,0.03564382028003579,4.463994393908309,8.081581745373248e-6,1642,23744,4376,lebth,losat,0.20481160363994955,0.11341602417516061
post09,0.13326418365744827,0.036989334565154394,3.6027732108213995,3.1548317768638283e-4,1509,23744,4376,lebth,losat,0.180688698221257,0.08583966909363953
post12,0.09994362316276113,0.03451923928318699,2.8953020181832305,0.0037913915746687057,1676,23744,4376,lebth,losat,0.14419926217651186,0.0556879841490104
post24,-5.231504026817834e-4,0.0271233432531548,-0.019287828856456853,0.9846116553540671,6248,23744,4376,lebth,losat,0.034240488720835766,-0.03528678952619933
post36,-0.05699517182968308,0.02872294513496212,-1.9843080701465903,0.04723300015069609,5616,23744,4376,lebth,losat,-0.020180905388966122,-0.09380943827040004
post48,-0.03560882073209624,0.02706361539390031,-1.3157451513341367,0.18827229761028327,4999,23744,4376,lebth,losat,-9.208172736088344e-4,-0.07029682419058364
pre24,0.004099078101344491,0.020375582846846447,0.20117599246879508,0.8405624488238654,7848,27537,5040,leprg,losat,0.03021363663529053,-0.02201548043260155
pre12,-0.028478362218253114,0.01961374656201964,-1.4519593249664524,0.14652430830093824,9065,27537,5040,leprg,losat,-0.0033405025297640126,-0.053616221906742215
post03,0.032157329761131996,0.02837773740509354,1.1331886436922225,0.25714490806147583,1952,27537,5040,leprg,losat,0.06853718158378125,-0.004222522061517256
post06,0.04785706375585087,0.02707905974834284,1.7673089169493628,0.07718758110898777,2272,27537,5040,leprg,losat,0.08257037271629791,0.013143754795403827
post09,0.04276674725744153,0.02610737923823998,1.6381095500692866,0.10141026826694345,2403,27537,5040,leprg,losat,0.07623390412060219,0.009299590394280861
post12,0.02059090053201758,0.02713526391030979,0.7588244065020595,0.4479640985016844,3430,27537,5040,leprg,losat,0.0553728412124732,-0.014191040148438038
post24,-0.02377507601124977,0.021131272028816272,-1.1251133381288263,0.26055081634108895,9283,27537,5040,leprg,losat,0.003307666202356608,-0.05085781822485615
post36,-0.04120056332781721,0.022270337891943267,-1.8500196776413675,0.06432141921358094,8297,27537,5040,leprg,losat,-0.012657704123612605,-0.06974342253202181
post48,-0.03491298136707128,0.02346920306240518,-1.487608304135288,0.1368656724210185,7394,27537,5040,leprg,losat,-0.0048332996976021315,-0.06499266303654043
pre24,0.056753012001177584,0.024688437553288742,2.2987688823433676,0.021529646540653615,3221,17721,3898,lemar,losat,0.0883990101068034,0.02510701389555177
pre12,0.12235906809835273,0.024347111093924245,5.025609306431723,5.067241568731133e-7,3884,17721,3898,lemar,losat,0.15356645559857318,0.09115168059813229
post03,0.25790291665448833,0.04266054715682736,6.045466686266207,1.5196286106945584e-9,805,17721,3898,lemar,losat,0.3126195654589172,0.20318626785005944
post06,0.15237624473015263,0.03964178135495172,3.8438294022606794,1.2155217851518862e-4,861,17721,3898,lemar,losat,0.20321828570674677,0.10153420375355848
post09,0.11660957716961483,0.04061909285768494,2.870807026099128,0.0040991027079494355,905,17721,3898,lemar,losat,0.168703106878018,0.06451604746121165
post12,0.07374885123427219,0.03308059189528785,2.2293691560209754,0.02580183639250111,1744,17721,3898,lemar,losat,0.11615940921168458,0.03133829325685981
post24,0.03342735890601791,0.028877709014720938,1.1575488515719063,0.24706379407668125,4135,17721,3898,lemar,losat,0.07044154681456988,-0.003586829002534049
post36,0.013482476570433746,0.032020480371101175,0.42105791088011985,0.6737179012053254,3721,17721,3898,lemar,losat,0.05452566175110714,-0.027560708610239643
post48,-0.053820070197720345,0.03984849396648874,-1.3506174221535507,0.17683526324657772,3278,17721,3898,lemar,losat,-0.002741873735949009,-0.10489826665949167
pre24,0.021168625264039467,0.021207816041923528,0.9981520597025838,0.3182203370344552,3963,16421,3170,lertr,losat,0.04835206748946731,-0.006014816961388381
pre12,0.0027712604321674765,0.02049930642992242,0.13518800948905882,0.8924648840660953,4428,16421,3170,lertr,losat,0.02904609940383287,-0.023503578539497916
post03,0.10790046453699961,0.04211121859401388,2.5622736206531362,0.010407774079624389,733,16421,3170,lertr,losat,0.1619169107122603,0.053884018361738915
post06,0.07981378060172897,0.04521354380228096,1.7652626600284864,0.07753821507392918,602,16421,3170,lertr,losat,0.13782102897484935,0.0218065322286086
post09,0.1574548030394955,0.04694161028997032,3.354269316004648,7.975492656164677e-4,591,16421,3170,lertr,losat,0.217680330260739,0.097229275818252
post12,0.05798328228458314,0.030959262794718462,1.872889631418319,0.06110137995250903,1476,16421,3170,lertr,losat,0.09767695136121032,0.018289613207955947
post24,0.07941673361933368,0.02255507084509217,3.5210145942243507,4.3106430779051003e-4,4341,16421,3170,lertr,losat,0.10832662037428231,0.05050684686438506
post36,0.04775349444930988,0.023872341130066786,2.000369138038381,0.04547685420557082,3757,16421,3170,lertr,losat,0.07835251227754175,0.017154476621078003
post48,0.07964421964649926,0.028260614904231582,2.8182054748771157,0.00483506215318331,3294,16421,3170,lertr,losat,0.11586892182162473,0.0434195174713738
pre24,-0.00466717579513117,0.013914292571942544,-0.3354231464517492,0.7373078873589496,8661,35583,6489,leprm,losat,0.013166067974008938,-0.022500419564271276
pre12,0.020098580366312083,0.013097932097801175,1.5344850023834027,0.12491927086690165,10042,35583,6489,leprm,losat,0.036885360149069,0.0033118005835551627
post03,0.047152840314289124,0.018086588033049165,2.6070611122522354,0.00913611524100626,4133,35583,6489,leprm,losat,0.07033544179859569,0.023970238829982563
post06,0.014726963714413472,0.021508263296896996,0.6847118947320184,0.49353020135833414,2757,35583,6489,leprm,losat,0.042297520714018044,-0.0128435932851911
post09,0.008675812491718853,0.025225256203112802,0.3439335728391237,0.7308982751215278,1956,35583,6489,leprm,losat,0.0410142062749537,-0.023662581291516
post12,0.017433200396352034,0.028086635583304893,0.6206937938381835,0.5348050890413201,1670,35583,6489,leprm,losat,0.05344192464218049,-0.01857552384947642
post24,-0.018380553082304626,0.013497980456222101,-1.3617261591034404,0.1732929437139747,10191,35583,6489,leprm,losat,-0.001081073611084702,-0.035680032553524546
post36,-0.02163235928600393,0.014583341412115824,-1.4833609578688043,0.13798739141018757,9025,35583,6489,leprm,losat,-0.0029416870329153078,-0.04032303153909255
post48,-0.033187711085551796,0.016484394658734854,-2.0132805463964116,0.04409263927288356,7990,35583,6489,leprm,losat,-0.012060362324567916,-0.054315059846535674
pre24,-0.019263871928974056,0.009701505001172202,-1.9856580939396993,0.04707526175968758,19399,68837,11652,lejob,losat,-0.006830469590154658,-0.03169727426779345
pre12,-0.05548567663145327,0.009356939174013226,-5.9298960482239895,3.0456720582597555e-9,22235,68837,11652,lejob,losat,-0.043493920297413724,-0.06747743296549281
post03,0.0594721837627409,0.013760262752938813,4.322023847258243,1.548210986775953e-5,7925,68837,11652,lejob,losat,0.0771081402809338,0.041836227244548004
post06,0.02876659372126525,0.014655757207684594,1.9628186598357256,0.04967126973839135,6582,68837,11652,lejob,losat,0.047550587835794876,0.009982599606735622
post09,0.01937215911340097,0.01557937246606756,1.2434492567395918,0.21370656351978176,5459,68837,11652,lejob,losat,0.039340345086521705,-5.960268597197706e-4
post12,-0.022491591286336318,0.017297322650351256,-1.3002932153710842,0.19350484591469647,4380,68837,11652,lejob,losat,-3.208357864841749e-4,-0.04466234678618846
post24,-0.003129054211888092,0.009545274922407468,-0.32781184799011487,0.7430549254577242,22458,68837,11652,lejob,losat,0.009104067657388398,-0.015362176081164584
post36,-0.017806278459574547,0.010284441685771169,-1.7313801763502692,0.08338846035715246,19763,68837,11652,lejob,losat,-0.0046257955259569935,-0.0309867613931921
post48,-0.012203070048197642,0.011319516376500102,-1.078055779267376,0.2810126420024196,17332,68837,11652,lejob,losat,0.002304026842616623,-0.026710166939011907
pre24,-0.018996607019630816,0.020225038376864093,-0.9392618528408575,0.34760657694239594,4792,22116,4346,lefrd,losat,0.0069263969063984784,-0.04491961094566011
pre12,-0.029562192673462117,0.020215947369285246,-1.4623204212718188,0.1436676343549148,5455,22116,4346,lefrd,losat,-0.003651275310836838,-0.055473110036087396
post03,-0.11014991831906239,0.03029076732156122,-3.636418884663142,2.7708230340704515e-4,1954,22116,4346,lefrd,losat,-0.07131760308588275,-0.14898223355224202
post06,-0.052192759570011425,0.03511083118138547,-1.4865144974888032,0.13715734018438255,1393,22116,4346,lefrd,losat,-0.007175054893839218,-0.09721046424618363
post09,-0.027741666525966272,0.03694605349270165,-0.7508695490696018,0.4527391569235609,1155,22116,4346,lefrd,losat,0.019633725969597265,-0.0751170590215298
post12,-0.01670576502921159,0.03551526135165908,-0.4703827141745413,0.6380862503399223,1304,22116,4346,lefrd,losat,0.028831960667836443,-0.06224349072625962
post24,-0.03951529616765388,0.02210538232968535,-1.7875870943244776,0.07385633701755895,5436,22116,4346,lefrd,losat,-0.011182665155846806,-0.06784792717946096
post36,-0.018027476497580023,0.023559323577192925,-0.7651949954552975,0.44416360454327575,4700,22116,4346,lefrd,losat,0.012169256637673116,-0.048224209632833165
post48,-0.024895351997399895,0.026616793724414712,-0.9353249777250294,0.34963105910467485,4070,22116,4346,lefrd,losat,0.009220980403480607,-0.059011684398280397
pre24,-0.006068133149512813,0.019928481492423697,-0.30449551070008835,0.7607533078049531,4447,21884,4261,lefni,losat,0.01947503876200096,-0.031611305061026586
pre12,-0.001414770253578641,0.019896428153578807,-0.07110674552528484,0.9433134493716484,5091,21884,4261,lefni,losat,0.02408683807019188,-0.02691637857734916
post03,0.1873792734822851,0.029048021378748016,6.450672527367895,1.1368344384001201e-10,1709,21884,4261,lefni,losat,0.22462021434175913,0.1501383326228111
post06,0.18043687873863273,0.031128657861867623,5.796487581935442,6.864828451868075e-9,1371,21884,4261,lefni,losat,0.2203491042273888,0.14052465324987667
post09,0.1726498087422712,0.03502297959950304,4.929615090336889,8.299442321688701e-7,1046,21884,4261,lefni,losat,0.2175619545255281,0.12773766295901431
post12,0.08416522277593949,0.035530836913392747,2.36879370393369,0.017854837175389947,1055,21884,4261,lefni,losat,0.1297283794858862,0.03860206606599278
post24,0.08422158256430387,0.022247007214404865,3.7857488763599028,1.5365541218211054e-4,5116,21884,4261,lefni,losat,0.11273595208110966,0.05570721304749808
post36,0.08346350741176867,0.023345174560169,3.575193117389329,3.507229851679886e-4,4553,21884,4261,lefni,losat,0.11338589481561821,0.05354112000791912
post48,0.06205015318872541,0.026821001207314857,2.313491308885313,0.02070486253510404,4034,21884,4261,lefni,losat,0.09642828033125528,0.027672026046195536
pre24,-0.009905392717080401,0.01969313194609073,-0.502987170562614,0.6149789882187486,4436,19448,3764,lefnw,losat,0.015336131097523825,-0.03514691653168463
pre12,-0.06565864496023956,0.01929470029315834,-3.4029367630821037,6.680006185202741e-4,5080,19448,3764,lefnw,losat,-0.040928275060378536,-0.09038901486010058
post03,-0.3327118101860812,0.033101549930613074,-10.05124566322442,1.0365152544515229e-23,1517,19448,3764,lefnw,losat,-0.29027197382037745,-0.37515164655178496
post06,-0.2919172862129686,0.03528553650438692,-8.273001210472614,1.3895877842624457e-16,1270,19448,3764,lefnw,losat,-0.24667349920020665,-0.3371610732257305
post09,-0.3616908043274937,0.03897122118456543,-9.280971787220809,1.851004286542461e-20,988,19448,3764,lefnw,losat,-0.31171372496538746,-0.4116678836895999
post12,-0.3156899856214123,0.03271315332964893,-9.650246261502796,5.493219543670279e-22,1382,19448,3764,lefnw,losat,-0.27374632904682406,-0.3576336421960006
post24,-0.10672904676267925,0.020079343513696706,-5.315365349961579,1.0761734124057989e-7,5187,19448,3764,lefnw,losat,-0.0809930543836249,-0.13246503914173358
post36,-0.03864957841299801,0.022148248796136825,-1.7450399247700072,0.08099371375617237,4581,19448,3764,lefnw,losat,-0.010261360924134783,-0.06703779590186124
post48,-0.019038764808721503,0.024686209049577697,-0.7712308022056225,0.44057950959893954,4055,19448,3764,lefnw,losat,0.012603041051374806,-0.050680570668817815
pre24,0.01017648465495445,0.03561694107665091,0.285720343952439,0.7750998375048925,1687,7874,2097,levio,mcs,0.055839322605819294,-0.03548635329591039
pre12,-0.039217532633296234,0.03190384485187532,-1.2292415793575115,0.21901797559424716,2050,7874,2097,levio,mcs,0.0016820757255131824,-0.08011714099210565
post03,-0.24227666483395854,0.04113038281873657,-5.8904548956347575,4.009658994993314e-9,1008,7874,2097,levio,mcs,-0.18953135686769804,-0.295021972800219
post06,-0.062357052214701225,0.04959913112729303,-1.2572206568430766,0.20871103415344833,610,7874,2097,levio,mcs,0.0012758172165638765,-0.12598992164596634
post09,-0.13219058915331663,0.053896924458027774,-2.4526555175937736,0.014202146791220937,529,7874,2097,levio,mcs,-0.06303237350818916,-0.2013488047984441
post12,-0.1045649204727526,0.05012867017072237,-2.085930468864177,0.037017031532217116,605,7874,2097,levio,mcs,-0.0402521043644892,-0.168877736581016
post24,-0.04191669121598432,0.03156683650426408,-1.3278711412948259,0.18425917111016835,2247,7874,2097,levio,mcs,-0.001450260413995215,-0.08238312201797343
post36,0.037736771954762105,0.03461425837142315,1.090208882993629,0.27565450278597764,1961,7874,2097,levio,mcs,0.08211168507731065,-0.006638141167786438
post48,0.05792877672412975,0.04232644542345591,1.3686189838192162,0.17115745166841143,1730,7874,2097,levio,mcs,0.11219303185802162,0.0036645215902378694
pre24,-0.07387127378059326,0.04546253070313437,-1.6248825711653634,0.1042444668393897,1099,5540,1555,lercl,mcs,-0.015573622128122203,-0.1321689254330643
pre12,-0.08191851342637925,0.04498178684400155,-1.8211484952893398,0.06863819838575456,1298,5540,1555,lercl,mcs,-0.024242658052521814,-0.13959436880023668
post03,-0.15641269259100343,0.0620913594238472,-2.519073411218157,0.01179433042671474,666,5540,1555,lercl,mcs,-0.0767602874894804,-0.23606509769252648
post06,-0.02060035044169098,0.06530407234188275,-0.3154527689152848,0.7524297884808937,463,5540,1555,lercl,mcs,0.06321002598123311,-0.10441072686461507
post09,0.00912448778420823,0.07473213712695012,0.12209590324853337,0.9028274947806514,311,5540,1555,lercl,mcs,0.10510210710119035,-0.0868531315327739
post12,-0.003483361801879697,0.06912797171828525,-0.050390047838743436,0.9598133835698597,347,5540,1555,lercl,mcs,0.0852771693757083,-0.09224389297946768
post24,0.016717842362250074,0.04797959540727526,0.3484365013989907,0.7275256336539113,1478,5540,1555,lercl,mcs,0.07823368140691878,-0.04479799668241862
post36,0.022287345817991563,0.05135873895806339,0.43395430398301127,0.664338522798722,1296,5540,1555,lercl,mcs,0.0881398105472815,-0.04356511891129837
post48,0.023066585286721286,0.06133979768453471,0.37604599554355794,0.7068971009000322,1099,5540,1555,lercl,mcs,0.10172402257715162,-0.05559085200370904
pre24,-0.0049689268356800185,0.009432664271021757,-0.5267787226293148,0.5983487978910262,20726,75993,13567,leinf,mcs,0.007119904150648466,-0.017057757822008503
pre12,-0.016970734801215696,0.008979997416763702,-1.8898373811928972,0.05878351476164153,24118,75993,13567,leinf,mcs,-0.005462089817383619,-0.028479379785047772
post03,-0.10494100553127668,0.012412961936874748,-8.454147049265666,2.8602986267703725e-17,10739,75993,13567,leinf,mcs,-0.08903217602766991,-0.12084983503488345
post06,-0.06928156968842462,0.01492842516147776,-4.640916167580966,3.474458914029959e-6,6472,75993,13567,leinf,mcs,-0.05014806979949863,-0.08841506957735062
post09,-0.043342841422818724,0.017645066587932884,-2.4563716553192294,0.014037012657770853,4354,75993,13567,leinf,mcs,-0.02072634651467021,-0.06595933633096723
post12,-0.08263634135468065,0.015359113710964541,-5.380280588435799,7.45890863298927e-8,6265,75993,13567,leinf,mcs,-0.06295076911264458,-0.10232191359671672
post24,-0.0110008681413774,0.009179515162439172,-1.1984149431323843,0.23075925518847665,24778,75993,13567,leinf,mcs,7.634675417651279e-4,-0.02276520382451993
post36,-0.0047097055000393075,0.00964903440763804,-0.4881012235080404,0.6254795527722419,21895,75993,13567,leinf,mcs,0.007656402765941575,-0.01707581376602019
post48,0.0012509729834595143,0.010591059464435617,0.1181159437032938,0.9059761028146147,19234,75993,13567,leinf,mcs,0.014824428027090537,-0.012322482060171508
pre24,0.008809993257071552,0.010670323277515747,0.8256538277182062,0.4090034558666775,15728,66438,12754,ledrl,mcs,0.022485137166612434,-0.004865150652469329
pre12,0.005959771257377537,0.010429366493240241,0.5714413489295196,0.5677024400401396,17977,66438,12754,ledrl,mcs,0.01932603340679742,-0.007406490892042346
post03,-0.11935443081273396,0.01537959475448222,-7.760570594875355,8.574787501433866e-15,6908,66438,12754,ledrl,mcs,-0.09964280183055807,-0.13906605979490985
post06,-0.05476830223654256,0.017109366053447615,-3.201071393612886,0.0013698198618168809,4993,66438,12754,ledrl,mcs,-0.0328388654450669,-0.07669773902801821
post09,-0.044184333562366486,0.01905078975605665,-2.3192914376853775,0.02038225606737989,3739,66438,12754,ledrl,mcs,-0.01976544871142108,-0.06860321841331189
post12,-0.0011148750176368277,0.016948938411992926,-0.06577845706536709,0.9475544057710591,5057,66438,12754,ledrl,mcs,0.020608901874610844,-0.0228386519098845
post24,0.012788892323038828,0.010867484318911554,1.1768033840898806,0.23927820769219094,17984,66438,12754,ledrl,mcs,0.026716645492657592,-0.0011388608465799348
post36,-0.012571376279370815,0.011571426384723957,-1.0864154393244851,0.27729917551189615,15671,66438,12754,ledrl,mcs,0.002258628502382976,-0.027401381061124608
post48,0.0012889656266269422,0.012555406977634905,0.10266219397929449,0.9182313897246518,13581,66438,12754,ledrl,mcs,0.017380149844800314,-0.01480221859154643
pre24,-0.0012650477157168537,0.04936578737692224,-0.02562600098035192,0.9795566399486229,1023,5150,1524,ledhm,mcs,0.06204067406021749,-0.06457076949165119
pre12,0.008244134645889611,0.046590657355248456,0.17694823627468964,0.8595560075456359,1286,5150,1524,ledhm,mcs,0.06798317552865132,-0.0514949062368721
post03,-0.026413431639163973,0.0900171523088772,-0.2934266521621476,0.7692078792443653,220,5150,1524,ledhm,mcs,0.08929724239389668,-0.1421241056722246
post06,-0.04235937918215826,0.07156362205373638,-0.5919121750203064,0.5539353833380493,432,5150,1524,ledhm,mcs,0.049493880546358754,-0.13421263891067528
post09,-0.0741224258105007,0.06556027088305802,-1.1305997490876032,0.25827624240682,530,5150,1524,ledhm,mcs,0.010001495170266009,-0.15824634679126742
post12,-0.09259140307377564,0.08197578281512483,-1.1294970281966272,0.2587408283493913,280,5150,1524,ledhm,mcs,0.012714135466430701,-0.19789694161398197
post24,-0.054635176092680246,0.05735177622929383,-0.9526326765233469,0.34082092258501107,1413,5150,1524,ledhm,mcs,0.018898485024741105,-0.12816883721010158
post36,-0.04549115892199189,0.06840053685438276,-0.6650702028675239,0.5060353728921979,1120,5150,1524,ledhm,mcs,0.04221943611709707,-0.13320175396108086
post48,-0.07264053973288437,0.08570615472563056,-0.8475533637628139,0.3967261423718974,993,5150,1524,ledhm,mcs,0.037269509442824963,-0.18255058890859371
pre24,0.026485897602002872,0.01098889780942358,2.410241505684926,0.015945163225157044,15495,56043,10301,ledfr,mcs,0.04056933724754551,0.012402457956460233
pre12,0.007886769163365203,0.010464035052928167,0.7537024793469357,0.4510310592143929,17540,56043,10301,ledfr,mcs,0.021297474772170397,-0.005523936445439991
post03,0.0080691540319595,0.013979234754799594,0.5772243025813024,0.5637902606130798,7549,56043,10301,ledfr,mcs,0.025985832270159152,-0.009847524206240153
post06,0.010364080917837198,0.017374016883901076,0.5965276186326635,0.5508252185234583,4758,56043,10301,ledfr,mcs,0.03263287187968982,-0.011904710044015427
post09,0.02134362441113655,0.02080107849451792,1.0260825858986886,0.3048570865428167,2985,56043,10301,ledfr,mcs,0.04800718188769286,-0.005319933065419762
post12,-3.4738480745876885e-4,0.019546287372508672,-0.01777241891712675,0.985820471066529,3497,56043,10301,ledfr,mcs,0.024706924580579215,-0.025401694195496753
post24,0.0019395043219782879,0.010841144732277855,0.17890217037723974,0.8580151652710074,17288,56043,10301,ledfr,mcs,0.01583352126281466,-0.011954512618858082
post36,-0.0014165448139383076,0.011688700073972762,-0.12118925158260577,0.9035415718371642,15078,56043,10301,ledfr,mcs,0.013563783423604562,-0.016396873051481176
post48,0.014837529852750823,0.012700488396280393,1.1682645099771367,0.24270505590795632,12953,56043,10301,ledfr,mcs,0.031114690828560193,-0.0014396311230585462
pre24,-0.002734258197772351,0.03340293083171207,-0.0818568350049242,0.9347630126626573,1784,6679,1712,lejlf,mcs,0.0400891861214838,-0.0455577025170285
pre12,-0.04624469799236128,0.031491070805014114,-1.4685019216621253,0.14201502772111496,2070,6679,1712,lejlf,mcs,-0.005874377316238258,-0.0866150186684843
post03,-0.07657986678548291,0.04549007595782369,-1.6834411720148421,0.09233645147812557,840,6679,1712,lejlf,mcs,-0.01823605049445636,-0.13492368307650945
post06,-0.05440976892720761,0.05099584861392745,-1.066945063295756,0.28603520822001943,617,6679,1712,lejlf,mcs,0.011014202396392399,-0.11983374025080762
post09,0.0896506037340785,0.05790944902016134,1.5481170215048392,0.12164150352028208,405,6679,1712,lejlf,mcs,0.16398610121334506,0.01531510625481193
post12,0.08923846283039048,0.05302245253381577,1.6830315944642031,0.09241571226093721,596,6679,1712,lejlf,mcs,0.15726499746957512,0.02121192819120586
post24,0.019472335961626362,0.031052551158237098,0.6270768498987263,0.5306302956177937,2067,6679,1712,lejlf,mcs,0.05928051006988696,-0.020335838146634234
post36,0.023245451278501094,0.03368682712534109,0.6900457318823768,0.4901894043910824,1781,6679,1712,lejlf,mcs,0.06643288516283925,-0.01994198260583707
post48,-0.012706980042265012,0.04081082145950111,-0.3113630058849678,0.7555343917434192,1534,6679,1712,lejlf,mcs,0.03961673939772967,-0.06503069948225969
pre24,-0.08899906077683412,0.10193921389954465,-0.8730601048634501,0.38285186984164876,234,946,388,lejls,mcs,0.04201275950398767,-0.2200108810576559
pre12,0.022817333056956858,0.1078706997890337,0.21152484503745198,0.8325233073327383,274,946,388,lejls,mcs,0.16139453659659972,-0.11575987048268602
post03,0.01133073881926735,0.16321134049086927,0.06942372255009595,0.9446670183166255,114,946,388,lejls,mcs,0.22172457720942526,-0.19906309957089055
post06,-0.19301345812953652,0.15335661125949468,-1.2585923524544924,0.20848812386292737,111,946,388,lejls,mcs,0.0047084794947508946,-0.39073539575382393
post09,-0.1323105529637122,0.16280988782370462,-0.8126690260175229,0.416612307466375,72,946,388,lejls,mcs,0.07829857074883104,-0.34291967667625545
post12,0.14385964549369967,0.1444862500727016,0.995663223464609,0.3196684088887139,100,946,388,lejls,mcs,0.3302702342416511,-0.04255094325425174
post24,0.11346015218321867,0.11142848016363867,1.0182329689554805,0.30882758853542847,294,946,388,lejls,mcs,0.25658419538507493,-0.02966389101863756
post36,-0.04004676743811339,0.1295208514126187,-0.3091916629742892,0.7572438197753543,256,946,388,lejls,mcs,0.12637202310650925,-0.20646555798273603
post48,0.12778334398738175,0.14584231068960604,0.8761747080333984,0.3811574868822146,215,946,388,lejls,mcs,0.31526656019196264,-0.05969987221719916
pre24,-0.010333386244281048,0.019524778030727732,-0.5292447488016795,0.5966403827274991,4959,24970,5696,lepcm,mcs,0.014691957941925635,-0.035358730430487734
pre12,-0.027824721575454677,0.018549119717928483,-1.5000561750949801,0.13361249492463648,6016,24970,5696,lepcm,mcs,-0.004050457161827017,-0.05159898598908234
post03,-0.03851092646429694,0.024351735254258912,-1.5814448564835522,0.11378902349821288,2917,24970,5696,lepcm,mcs,-0.007295850497212385,-0.0697260024313815
post06,-0.026332682683114287,0.028578372295044754,-0.9214199609149941,0.3568401134141985,1929,24970,5696,lepcm,mcs,0.01030452822524396,-0.06296989359147254
post09,0.02224621228005199,0.032275097012340985,0.6892686417501932,0.4906606324787588,1357,24970,5696,lepcm,mcs,0.06362857355997818,-0.019136148999874203
post12,-0.014612483572303762,0.03354565534724821,-0.4355998838312289,0.6631308203793997,1297,24970,5696,lepcm,mcs,0.028399927955577907,-0.05762489510018543
post24,0.012734360360800905,0.019453674773522514,0.6545992214351731,0.5127318547942453,6486,24970,5696,lepcm,mcs,0.03766778756780167,-0.012199066846199856
post36,0.006037900380657283,0.020998208560112364,0.2875435951296682,0.7736985127324596,5774,24970,5696,lepcm,mcs,0.032951267088091256,-0.02087546632677669
post48,0.030609882554962303,0.024182938043801182,1.2657635933036904,0.205609542701816,5128,24970,5696,lepcm,mcs,0.06160555834497409,-3.857932350494822e-4
pre24,0.018146210658269733,0.012147633924777327,1.4938061823922113,0.13523312302184656,12122,46142,9146,leins,mcs,0.03371487842443474,0.002577542892104722
pre12,-0.057720126769672225,0.011668804642134314,-4.946532960304559,7.581209171898546e-7,13802,46142,9146,leins,mcs,-0.04276523608648619,-0.07267501745285826
post03,-0.31916916777828985,0.018921210208156874,-16.868327356814472,1.1946472368592444e-63,5203,46142,9146,leins,mcs,-0.2949175815360163,-0.3434207540205634
post06,-0.21813378544614764,0.020181029753835674,-10.808853071765993,3.36926147339627e-27,3721,46142,9146,leins,mcs,-0.19226616160903304,-0.24400140928326225
post09,-0.11942701518363781,0.02238280627166638,-5.335658707586472,9.564620134587964e-8,2830,46142,9146,leins,mcs,-0.09073559506168699,-0.14811843530558863
post12,-0.21014869593583496,0.019643980201701033,-10.697867426970708,1.1193158512655903e-26,4009,46142,9146,leins,mcs,-0.18496977238157297,-0.23532761949009695
post24,-0.052937230023232196,0.012207446883091468,-4.336470232490263,1.450956375160708e-5,13401,46142,9146,leins,mcs,-0.037291986078405434,-0.06858247396805896
post36,-0.044749965065297444,0.012989253322061205,-3.4451530011577507,5.712436038739025e-4,11524,46142,9146,leins,mcs,-0.028102612770183735,-0.06139731736041115
post48,-0.015537662190241063,0.014655699497367482,-1.060178819375493,0.28906880442623845,9826,46142,9146,leins,mcs,0.0032456353601373403,-0.03432095974061947
pre24,-0.013674434738289465,0.009888841407135512,-1.382814646862713,0.16672606636937426,19943,70825,14952,lemvd,mcs,-0.0010009547327983134,-0.026347914743780617
pre12,-0.04012456403650089,0.00923288680806053,-4.3458308187501205,1.3894243500992576e-5,23281,70825,14952,lemvd,mcs,-0.028291807726478945,-0.051957320346522826
post03,-0.003738099981535315,0.013540502719357143,-0.2760680352134509,0.7824966166614272,8863,70825,14952,lemvd,mcs,0.013616046096179056,-0.021092246059249687
post06,0.023421097138174966,0.013736254741225949,1.705056988196526,0.0881881817857385,8257,70825,14952,lemvd,mcs,0.041026224561298834,0.005815969715051099
post09,0.009988720258226448,0.014645480621489302,0.6820343091758974,0.4952194869671822,7282,70825,14952,lemvd,mcs,0.028759361910663153,-0.008781921394210258
post12,0.023360908100613538,0.015131726935737468,1.5438362190795778,0.12263248240380914,6380,70825,14952,lemvd,mcs,0.04275500485394461,0.003966811347282467
post24,-5.978581675317437e-4,0.009296290983855511,-0.06431147309932742,0.9487223996551163,25261,70825,14952,lemvd,mcs,0.011316129668575477,-0.012511846003638964
post36,-6.471703050345916e-4,0.009791501938558558,-0.06609510053672765,0.9473022980838877,21806,70825,14952,lemvd,mcs,0.011901524502711541,-0.013195865112780725
post48,0.01948888565808049,0.01097617645612501,1.7755623496017279,0.0758093733879271,18984,70825,14952,lemvd,mcs,0.0335559113010036,0.005421860015157381
pre24,-0.011871133216618979,0.020890623074831357,-0.568251754583668,0.5698703925426545,4491,20065,4841,lesep,mcs,0.014905216986730547,-0.0386474834199685
pre12,-0.08633021315545503,0.01987001914913049,-4.3447473556779554,1.4012074453799982e-5,5193,20065,4841,lesep,mcs,-0.06086251866839687,-0.11179790764251318
post03,-0.5260610199242849,0.033234540181762896,-15.82874374211909,4.308181361496577e-56,1769,20065,4841,lesep,mcs,-0.4834533229073893,-0.5686687169411805
post06,-0.23328908040694363,0.0352486052891008,-6.618391805677452,3.72302013290634e-11,1432,20065,4841,lesep,mcs,-0.18809531208327784,-0.2784828487306094
post09,-0.19806895935945976,0.03579955593833741,-5.532721123709513,3.1923957637480495e-8,1269,20065,4841,lesep,mcs,-0.15216606798251464,-0.24397185073640487
post12,-0.13092965711323792,0.027996384481039468,-4.6766630599001076,2.9347965472039873e-6,2248,20065,4841,lesep,mcs,-0.09504029560508712,-0.16681901862138873
post24,-0.022516446822098992,0.020983699902659823,-1.0730446454414306,0.283263990081664,5464,20065,4841,lesep,mcs,0.0043784988217016145,-0.049411392465899595
post36,0.01697199037096382,0.02276624864653239,0.7454891068998707,0.4559848264230185,4739,20065,4841,lesep,mcs,0.04615218041268097,-0.012208199670753324
post48,0.019299565830201326,0.025815160112255618,0.7476058930596736,0.45470667034081447,4102,20065,4841,lesep,mcs,0.05238835468328129,-0.013789223022878636
pre24,0.0041651191522339434,0.043712691626241834,0.09528397811434511,0.9240929476122024,1113,5189,1338,ledsc,mcs,0.06021848695520793,-0.05188824865074004
pre12,-0.15184614763851614,0.043569711574908104,-3.4851308890914185,4.959649863872421e-4,1273,5189,1338,ledsc,mcs,-0.09598030218219636,-0.20771199309483593
post03,-0.6473595854094064,0.07655856537121719,-8.455743420353935,3.5638534958565904e-17,355,5189,1338,ledsc,mcs,-0.5490623984236992,-0.7456567723951136
post06,-0.5069602549558972,0.07505654145709699,-6.754378034400644,1.5917585947627425e-11,325,5189,1338,ledsc,mcs,-0.41057490156242976,-0.6033456083493648
post09,-0.4297642726647638,0.07943166989507087,-5.410490214198969,6.56735641988592e-8,252,5189,1338,ledsc,mcs,-0.3276998597549243,-0.5318286855746033
post12,-0.17527258375821475,0.06451148246442148,-2.716920725777442,0.00661109745083787,432,5189,1338,ledsc,mcs,-0.09247087830754998,-0.25807428920887954
post24,-0.0428108262174539,0.050886536019910195,-0.8412996750398467,0.40021884020682175,1264,5189,1338,ledsc,mcs,0.02243702098075591,-0.1080586734156637
post36,-0.03733958352012802,0.05671845319317343,-0.6583321902830412,0.5103539043403178,1109,5189,1338,ledsc,mcs,0.03539140197413934,-0.11007056901439538
post48,0.014644989188137461,0.06798356737840175,0.2154195455296179,0.8294486988847213,970,5189,1338,ledsc,mcs,0.10182887284741225,-0.07253889447113733
pre24,0.04409863781683477,0.02618015221625467,1.6844301535212203,0.09211368831653159,4704,20638,4361,lebth,mcs,0.07765456622817365,0.010542709405495877
pre12,0.13135626164829178,0.02870519406865754,4.576045064670589,4.766079030615061e-6,5572,20638,4361,lebth,mcs,0.16814781069600848,0.0945647126005751
post03,0.0024049161080931442,0.036556105138378876,0.06578698958736481,0.947548051815805,1922,20638,4361,lebth,mcs,0.049269565811872654,-0.04445973359568636
post06,0.0324784737144976,0.03655885511899489,0.8883886984092878,0.3743420562501827,1619,20638,4361,lebth,mcs,0.07934966836012763,-0.01439272093113244
post09,-0.012030788314439813,0.04006058827738626,-0.30031481892219375,0.7639400556140566,1484,20638,4361,lebth,mcs,0.03933180068203899,-0.06339337731091861
post12,-0.0198257183192726,0.03713348760403396,-0.5339040202924233,0.5934136908024228,1652,20638,4361,lebth,mcs,0.027781809605275022,-0.06743324624382022
post24,-0.007959748009444071,0.029158333568303378,-0.2729836391643702,0.7848685235197396,5598,20638,4361,lebth,mcs,0.029412570953721955,-0.0453320669726101
post36,-0.06700595318326552,0.029883634627841774,-2.24222903330634,0.02495714994874282,4993,20638,4361,lebth,mcs,-0.028703465842493642,-0.1053084405240374
post48,-0.018005437891624728,0.028471055854228586,-0.6324120181496719,0.5271246888600554,4447,20638,4361,lebth,mcs,0.018487110447462218,-0.05449798623071167
pre24,0.02673149893851597,0.021940140845085863,1.218383196683228,0.22309054907566167,6923,23635,5009,leprg,mcs,0.054851604404062136,-0.0013886065270301978
pre12,0.004828556696680078,0.02149323901253889,0.22465467833224936,0.8222498668321463,8092,23635,5009,leprg,mcs,0.03237549988912608,-0.02271838649576593
post03,-0.008018411647136873,0.030764390253033087,-0.26063938147925203,0.7943728876890043,1920,23635,5009,leprg,mcs,0.031421317613049254,-0.047458140907323004
post06,0.10076233993386344,0.02812375929979085,3.58281902713528,3.405891199153511e-4,2230,23635,5009,leprg,mcs,0.13681507246279095,0.06470960740493592
post09,0.1599227905705681,0.028383904959040345,5.634277270916252,1.777939832588877e-8,2353,23635,5009,leprg,mcs,0.19630844791066554,0.12353713323047066
post12,0.03184683391565313,0.028639853777383477,1.1119761351855142,0.26615972188290143,3384,23635,5009,leprg,mcs,0.06855745182027723,-0.004863783988970971
post24,-0.025559391659860205,0.022406367021029425,-1.1407200299750297,0.25399800698260927,8328,23635,5009,leprg,mcs,0.003157801256555362,-0.05427658457627577
post36,0.0011589393303736832,0.02279676236556872,0.050837891442167986,0.9594551265013262,7385,23635,5009,leprg,mcs,0.030376779745132858,-0.02805890108438549
post48,-0.059108102190778077,0.02506760487771556,-2.3579477368946256,0.018384379581229328,6571,23635,5009,leprg,mcs,-0.02697944346919979,-0.09123676091235636
pre24,-0.03106692675320299,0.0269814399945501,-1.1514184105621532,0.2495781830813347,2780,15260,3876,lemar,mcs,0.003519401438117572,-0.06565325494452355
pre12,0.0035396015851681885,0.027160625512425214,0.13032106287643933,0.896314134170327,3380,15260,3876,lemar,mcs,0.03835414999437864,-0.03127494682404226
post03,0.11347845213431612,0.04648772975378269,2.4410409528566497,0.014656280850010606,786,15260,3876,lemar,mcs,0.17310505285346395,0.053851851415168295
post06,-0.03468709003272251,0.046706961274187296,-0.7426535378548038,0.4577028976082266,843,15260,3876,lemar,mcs,0.025217288225839116,-0.09459146829128413
post09,-0.056626285482261146,0.04421262092799027,-1.2807719672282987,0.2002932380311727,888,15260,3876,lemar,mcs,7.669830133385375e-5,-0.11332926926585615
post12,0.0070402411287346514,0.03555365195561055,0.19801738334853855,0.8430341007118707,1665,15260,3876,lemar,mcs,0.052622175235333926,-0.038541692977864625
post24,-0.05467199383564382,0.032646531404141,-1.674664703543637,0.09402052724096747,3640,15260,3876,lemar,mcs,-0.012826184038358057,-0.09651780363292958
post36,-0.07675721275816633,0.03640677845413273,-2.1083220218144074,0.03501940206638107,3253,15260,3876,lemar,mcs,-0.030090569185564645,-0.12342385633076801
post48,-0.09282754484481287,0.04525849209902814,-2.0510525326760987,0.04027886817355026,2857,15260,3876,lemar,mcs,-0.03481303460420212,-0.15084205508542362
pre24,-0.018369838572979157,0.02312597318472081,-0.7943379690985717,0.427011969923888,3464,14211,3133,lertr,mcs,0.011272943175229897,-0.04801262032118821
pre12,-0.03330303845350499,0.022839736371087088,-1.458118338689033,0.14483002611121354,3861,14211,3133,lertr,mcs,-0.0040277284076962495,-0.06257834849931374
post03,0.06535236753891277,0.046629167140089196,1.4015340943700105,0.16107625844511145,705,14211,3133,lertr,mcs,0.12516617664706992,0.005538558430755625
post06,0.0770746865885292,0.048403645515486024,1.5923322668717237,0.11133230761530485,578,14211,3133,lertr,mcs,0.1391775560407535,0.014971817136304896
post09,0.05940091069962914,0.04835749382649812,1.22837033103398,0.21932832273595138,576,14211,3133,lertr,mcs,0.12144481395334836,-0.0026429925540900692
post12,-0.001404625572444397,0.03466175714469762,-0.04052378437078945,0.9676761146962236,1348,14211,3133,lertr,mcs,0.043037999263183385,-0.04584725040807218
post24,0.046082267705977585,0.02520646992449265,1.8281920413298458,0.06754168733794819,3827,14211,3133,lertr,mcs,0.07839123715619245,0.013773298255762713
post36,0.0518882585028231,0.02712494852860191,1.9129348189586244,0.05577647332036752,3300,14211,3133,lertr,mcs,0.08665724094437219,0.017119276061274016
post48,0.05394538392901556,0.03247963998235297,1.6608984569510465,0.09675590202840316,2885,14211,3133,lertr,mcs,0.09557925387343683,0.012311513984594291
pre24,-7.409336968484251e-5,0.015458984157705864,-0.004792900292087373,0.9961758644601264,7612,30877,6462,leprm,mcs,0.01973911166140842,-0.019887298400778106
pre12,0.029388465896788604,0.014575516996770123,2.0162897757452427,0.04377832563915002,8918,30877,6462,leprm,mcs,0.04806912643468523,0.01070780535889198
post03,0.0674888697484992,0.019858547435644858,3.3984796706410094,6.784707511619364e-4,4047,30877,6462,leprm,mcs,0.09294277819784122,0.04203496129915718
post06,0.04776358497038271,0.022790502179948192,2.0957671135656954,0.03611097590774123,2694,30877,6462,leprm,mcs,0.07697795504770527,0.01854921489306014
post09,-0.009952617991510967,0.02633366783230752,-0.3779427178503625,0.7054757456520037,1923,30877,6462,leprm,mcs,0.02380693852635065,-0.043712174509372585
post12,0.012618532770141716,0.028149041320531365,0.4482757556982235,0.6539573409512192,1638,30877,6462,leprm,mcs,0.04870754419390937,-0.02347047865362594
post24,0.0024460277963181056,0.014991985896228783,0.16315568952965737,0.8703969210351641,9166,30877,6462,leprm,mcs,0.02166041572632689,-0.01676836013369068
post36,-0.03741184878085678,0.015658233421317454,-2.3892764767399295,0.016887557182633024,8026,30877,6462,leprm,mcs,-0.017343363246557098,-0.057480334315156464
post48,0.011157103841447332,0.018013630281597578,0.6193700918157092,0.5356771491528463,7079,30877,6462,leprm,mcs,0.034244654707876,-0.011930447024981335
pre24,-0.021564652154344055,0.010889868049506745,-1.9802491688887658,0.0476801992358055,16880,58697,11600,lejob,mcs,-0.007608178491820607,-0.035521125816867505
pre12,-0.0528958679443663,0.010331578553409545,-5.119824397687034,3.0678378568871637e-7,19707,58697,11600,lejob,mcs,-0.03965497340702547,-0.06613676248170712
post03,0.09755848920813488,0.014524791037984434,6.716687968384901,1.8759049151855273e-11,7787,58697,11600,lejob,mcs,0.11617433734362062,0.07894264107264914
post06,0.025694387547136505,0.0154993919809485,1.6577674516987158,0.09736975703668418,6454,58697,11600,lejob,mcs,0.04555969122075495,0.005829083873518062
post09,0.03808154497724998,0.016434540533158983,2.3171651741900017,0.020498158789682978,5365,58697,11600,lejob,mcs,0.059145850269133486,0.01701723968536647
post12,0.007483195086714192,0.018342469575329177,0.40797096901167396,0.6832964765578573,4296,58697,11600,lejob,mcs,0.0309936317273666,-0.016027241553938216
post24,-0.007221126253754651,0.01039497069172887,-0.6946749988915696,0.48726174899850516,19983,58697,11600,lejob,mcs,0.0061010051324427,-0.020543257639952003
post36,0.0014970412183386522,0.011152683950442877,0.13423147513107858,0.8932199977863535,17409,58697,11600,lejob,mcs,0.015790323192692097,-0.012796240756014791
post48,-0.006308231006647919,0.012125768755910928,-0.5202334906455194,0.6029028075653481,15171,58697,11600,lejob,mcs,0.009232243652847014,-0.021848705666142852
pre24,0.016995473195598153,0.02259117626741807,0.7523058115442057,0.45187655614781275,4124,18873,4327,lefrd,mcs,0.04595186996388366,-0.011960923572687358
pre12,-0.024888113464455745,0.022413947316384113,-1.1103851148192478,0.2668472563512105,4770,18873,4327,lefrd,mcs,0.0038404952573635014,-0.05361672218627499
post03,-0.09633853329695935,0.03207129315651362,-3.003886772722576,0.002669040429956761,1914,18873,4327,lefrd,mcs,-0.05522331941247848,-0.1374537471814402
post06,-0.04987417206383924,0.03602110303413862,-1.3845820328314633,0.16619667715814893,1352,18873,4327,lefrd,mcs,-0.003688687699834381,-0.0960596564278441
post09,-0.03075736878570344,0.038727360226763444,-0.7942025639136603,0.4270875020655742,1131,18873,4327,lefrd,mcs,0.018902771817221775,-0.08041750938862866
post12,0.011224821101360978,0.03734186253020588,0.30059617653728987,0.7637257584432753,1259,18873,4327,lefrd,mcs,0.05910548657484598,-0.036655844372124026
post24,-0.023384872274391174,0.023804597707179628,-0.9823678838033099,0.32593123528733725,4811,18873,4327,lefrd,mcs,0.007126137503614096,-0.05389588205239644
post36,0.0033150932101433358,0.025744102338630507,0.12877097700038456,0.8975402434222131,4133,18873,4327,lefrd,mcs,0.036312763306743656,-0.029682576886456983
post48,0.012832691755219368,0.029062866663406225,0.44154941437271666,0.6588203548689482,3529,18873,4327,lefrd,mcs,0.05008522933408652,-0.024419845823647784
pre24,0.002176154681865573,0.022132763808392557,0.09832277164772317,0.9216770006302517,4032,19628,4241,lefni,mcs,0.030545081858958323,-0.026192772495227175
pre12,0.002187189738232371,0.021790263574450044,0.10037463432966173,0.9200479320797028,4640,19628,4241,lefni,mcs,0.0301165132831562,-0.02574213380669146
post03,0.037262191333550784,0.030478069693708785,1.2225902659853278,0.22149917148983164,1668,19628,4241,lefni,mcs,0.07633689379343618,-0.0018125111263346122
post06,0.014562079338722235,0.03292115787585024,0.44233193114402714,0.6582539016237465,1342,19628,4241,lefni,mcs,0.05677303461737391,-0.027648875939929436
post09,0.04238784200645479,0.03861901998399679,1.0975897892805087,0.2723971179965069,1020,19628,4241,lefni,mcs,0.0919122134343067,-0.007136529421397114
post12,0.08030383584499849,0.03712456171640679,2.163091822024369,0.030546150159840513,1025,19628,4241,lefni,mcs,0.1279115887231667,0.03269608296683026
post24,0.023767954246203288,0.02303361452492263,1.031881219531832,0.3021404790437078,4704,19628,4241,lefni,mcs,0.053290865865211916,-0.00575495737280534
post36,0.005195962747815337,0.02471954239601332,0.21019655884298744,0.833516446988992,4166,19628,4241,lefni,mcs,0.03688035635351583,-0.02648843085788516
post48,0.023176965809871126,0.028146794006937398,0.8234318197716817,0.41027247881240403,3674,19628,4241,lefni,mcs,0.05925502244196021,-0.01290109082221796
pre24,-0.018998064562625865,0.021969100410465146,-0.8647629719774959,0.38718147624748,3825,16492,3736,lefnw,mcs,0.009161334998085201,-0.047157464123336934
pre12,-0.09635462694865769,0.021162012161508783,-4.553188336405715,5.321685901063046e-6,4413,16492,3736,lefnw,mcs,-0.06923035589644813,-0.12347889800086725
post03,-0.3525051202679853,0.033887569972851486,-10.402195275447294,2.900603412436839e-25,1476,16492,3736,lefnw,mcs,-0.3090569930553797,-0.3959532474805909
post06,-0.2880913485304584,0.035691824115953626,-8.071634209406703,7.410575538232319e-16,1226,16492,3736,lefnw,mcs,-0.24232575562540856,-0.33385694143550826
post09,-0.2508174637777004,0.03994056221498731,-6.279767981923489,3.475646267579441e-10,963,16492,3736,lefnw,mcs,-0.1995964003690625,-0.30203852718633833
post12,-0.26970811181488136,0.03360165772559368,-8.02663112687593,1.0688143068781324e-15,1325,16492,3736,lefnw,mcs,-0.22662435841858802,-0.3127918652111747
post24,-0.07094929344609284,0.021753867816625035,-3.26145649335384,0.0011106650480022422,4545,16492,3736,lefnw,mcs,-0.043066536562096025,-0.09883205033008965
post36,-0.026921991312949266,0.023440852814211873,-1.148507331466491,0.2507758458846692,3993,16492,3736,lefnw,mcs,0.0031236422580897052,-0.05696762488398824
post48,-0.007904687490500495,0.02598315402037273,-0.3042235551658829,0.7609614186957206,3529,16492,3736,lefnw,mcs,0.025400300375000857,-0.04120967535600185
