term,estimate,std.error,statistic,p.value,df,n,N,code,outcome,upper,lower
pre24,0.05374454839632243,0.030674066567767787,1.7521168338598128,0.07978713528691397,9172,2133,1821,levio,cognitive,0.09306713048645426,0.014421966306190588
pre12,-0.0924057626907327,0.028241765683361474,-3.271954159196682,0.0010720169997685013,9172,2496,1821,levio,cognitive,-0.05620289828996396,-0.12860862709150145
post03,-0.19795902576754895,0.039624939032643955,-4.995819062446144,5.966774457284572e-7,9172,1046,1821,levio,cognitive,-0.1471455010806881,-0.2487725504544098
post06,-0.17854711132515663,0.050227391889310274,-3.5547756833290047,3.8020568913394847e-4,9172,646,1821,levio,cognitive,-0.11411212445736757,-0.2429820981929457
post09,-0.204996429163791,0.05165981686102931,-3.96819891396933,7.296966256649051e-5,9172,548,1821,levio,cognitive,-0.13871165811634384,-0.27128120021123814
post12,-0.11468464084813161,0.052007241123949194,-2.2051667877325576,0.02746711438530191,9172,640,1821,levio,cognitive,-0.04796570455046682,-0.1814035771457964
post24,-0.06465455316612224,0.030151713046502222,-2.144307789955654,0.03203443458421677,9172,2626,1821,levio,cognitive,-0.026003851425789253,-0.10330525490645523
post36,-0.010194556301998735,0.03229701979195217,-0.31565006206978374,0.7522753164955029,9172,2323,1821,levio,cognitive,0.0312075186600415,-0.051596631264038975
post48,0.013339839899081253,0.037521317021695345,0.3555269632824448,0.7222030245585112,9172,2050,1821,levio,cognitive,0.06144085024498206,-0.034761170446819555
pre24,-0.030678250700589747,0.03928175299137155,-0.7809796754062476,0.4348423917339229,6616,1342,1370,lercl,cognitive,0.01968815272418659,-0.08104465412536609
pre12,-0.05795377768422672,0.036302220320460724,-1.5964251545121804,0.11044166353187083,6616,1605,1370,lercl,cognitive,-0.011411442176007147,-0.1044961131924463
post03,-0.22003135938507404,0.05185904476120637,-4.242873357931007,2.2368789359874726e-5,6616,684,1370,lercl,cognitive,-0.15350697611452452,-0.28655574265562356
post06,-0.055257559986731125,0.05884529049073442,-0.939031136152379,0.34774903856623574,6616,482,1370,lercl,cognitive,0.02025943024724293,-0.13077455022070517
post09,-0.0505200634468623,0.06258127861214434,-0.8072711930346934,0.41953927741575725,6616,319,1370,lercl,cognitive,0.029848030832107228,-0.13088815772583184
post12,-0.06011440768674456,0.06290046466891556,-0.9557068934731124,0.3392552573879142,6616,367,1370,lercl,cognitive,0.020641543057766512,-0.14087035843125562
post24,0.014238849804289067,0.03913633696556949,0.36382683992157494,0.7159989444482817,6616,1717,1370,lercl,cognitive,0.0644133991261216,-0.035935699517543454
post36,0.014305265653371152,0.044782524772183675,0.3194385695345332,0.7494040529600257,6616,1537,1370,lercl,cognitive,0.07172107364767612,-0.04311054234093382
post48,0.04396648726280831,0.05254061198396535,0.8368095764896355,0.40272983761399583,6616,1325,1370,lercl,cognitive,0.11133360315016899,-0.023400628624552368
pre24,0.005365681639990159,0.00922276531644067,0.5817866394610732,0.5607120175626683,81302,23702,12102,leinf,cognitive,0.017185460410656862,-0.006454097130676543
pre12,-0.0032643242365535674,0.008652063267417173,-0.3772885305689678,0.7059601795405728,81302,26939,12102,leinf,cognitive,0.00782401290555723,-0.014352661378664365
post03,-0.035522122399249303,0.011735113034478393,-3.0269944818497616,0.0024707576776906324,81302,11077,12102,leinf,cognitive,-0.02048207289993926,-0.05056217189855935
post06,-0.055763100745755356,0.014614948522755081,-3.8154838971162786,1.3601682270422138e-4,81302,6655,12102,leinf,cognitive,-0.03703143094572969,-0.07449477054578102
post09,-0.03188479560742378,0.01698418891062307,-1.8773222421873117,0.060477519008091986,81302,4474,12102,leinf,cognitive,-0.010115466713130957,-0.053654124501716596
post12,-0.0396657194187387,0.014951642296419591,-2.652933947479287,0.007981098593725795,81302,6481,12102,leinf,cognitive,-0.02050246525377624,-0.058828973583701157
post24,-0.03660963513536811,0.008727334851957078,-4.194824165267191,2.733724492665534e-5,81302,27192,12102,leinf,cognitive,-0.025424833762753493,-0.04779443650798272
post36,-0.01649914631904211,0.009097707841889046,-1.8135498090051034,0.06975074890518428,81302,24139,12102,leinf,cognitive,-0.004839645501334299,-0.028158647136749926
post48,-0.03574045679088711,0.010079943952497237,-3.545699952233629,3.917916909681317e-4,81302,21347,12102,leinf,cognitive,-0.02282208905361907,-0.04865882452815515
pre24,0.0032152069882093698,0.010462778430687682,0.3072995389808752,0.7586162904163128,70799,18103,11411,ledrl,cognitive,0.016624286401923163,-0.010193872425504423
pre12,-0.015057809928546098,0.009842874832746045,-1.529818288296281,0.12606618117155144,70799,20298,11411,ledrl,cognitive,-0.002443247718736089,-0.027672372138356105
post03,-0.020698887930387763,0.0145789911773568,-1.4197750501787814,0.15567758378692179,70799,7116,11411,ledrl,cognitive,-0.002013424103995954,-0.03938435175677957
post06,-0.013143485294134791,0.016907501257900318,-0.7773759761214434,0.4369395793970393,70799,5143,11411,ledrl,cognitive,0.008527133447834795,-0.034814104036104375
post09,-0.030884551425939794,0.018663978996155167,-1.6547677980296753,0.0979760409559781,70799,3835,11411,ledrl,cognitive,-0.0069615780097422204,-0.05480752484213737
post12,0.021214377187571975,0.01643788281254215,1.2905784418529465,0.19685410995738128,70799,5243,11411,ledrl,cognitive,0.042283026705380186,1.4572766976376703e-4
post24,-6.80356084787566e-4,0.010224984635871525,-0.06653859238093378,0.9469492213771209,70799,19945,11411,ledrl,cognitive,0.012423923028757763,-0.013784635198332895
post36,-0.00806963024831283,0.010782586943797317,-0.7483946376110499,0.4542246421052858,70799,17469,11411,ledrl,cognitive,0.0057493335272382935,-0.021888594023863953
post48,-0.0045250179625126825,0.01191649306850439,-0.37972731880929184,0.7041489779694181,70799,15185,11411,ledrl,cognitive,0.010747246819474508,-0.019797282744499874
pre24,-0.034884214608223704,0.047315480951677605,-0.7372685198709126,0.4609904591378974,5511,1197,1315,ledhm,cognitive,0.025786525082595414,-0.09555495429904282
pre12,0.039942627800452164,0.045625459172269366,0.8754460453677766,0.3813694083328045,5511,1480,1315,ledhm,cognitive,0.09844013451483,-0.018554878913925675
post03,-0.12233005792828715,0.09090941186335466,-1.345625886483136,0.17847855677171273,5511,227,1315,ledhm,cognitive,-0.005483398536082387,-0.2391767173204919
post06,-0.049756722961177446,0.06989207658737959,-0.7119079213359933,0.47655193117207884,5511,441,1315,ledhm,cognitive,0.03994825980907642,-0.1394617057314313
post09,-0.01000764125709662,0.0643458737181441,-0.1555288735519134,0.8764100891915461,5511,545,1315,ledhm,cognitive,0.07255517464001068,-0.09257045715420392
post12,-0.012314583163630901,0.078516836639865,-0.15684003190442433,0.8753766676097707,5511,295,1315,ledhm,cognitive,0.08853540351311083,-0.11316456984037264
post24,-0.15659259518136298,0.05710621100024553,-2.7421289635323505,0.006123946447463863,5511,1557,1315,ledhm,cognitive,-0.08337695739141049,-0.22980823297131547
post36,-0.1525145017913351,0.06628402449728758,-2.300923985048255,0.02143307979172778,5511,1266,1315,ledhm,cognitive,-0.06752372305080044,-0.23750528053186976
post48,-0.1574361036217254,0.08053064171500579,-1.9549838455141642,0.050635456821315934,5511,1130,1315,ledhm,cognitive,-0.05417151137937508,-0.2607006958640757
pre24,0.011035636802206731,0.010613310961343108,1.0397920914973529,0.29844064318150887,60738,17622,9281,ledfr,cognitive,0.02463765200662304,-0.0025663784022095758
pre12,6.016657823620777e-4,0.010164974367675548,0.059190093412863395,0.9528008948475366,60738,19719,9281,ledfr,cognitive,0.013629041041179095,-0.01242570947645494
post03,-0.018963509083323532,0.013697463146268742,-1.3844541051741606,0.16622453783584404,60738,7892,9281,ledfr,cognitive,-0.001408034088337281,-0.03651898407830978
post06,-0.06658326032492674,0.017422214531777776,-3.8217449454247157,1.3264268763575133e-4,60738,4969,9281,ledfr,cognitive,-0.04425282473634752,-0.08891369591350597
post09,-0.03748911336103792,0.020807456857225036,-1.8017152993889525,0.07159516658885139,60738,3121,9281,ledfr,cognitive,-0.010817637308392612,-0.06416058941368323
post12,-0.04314429709896511,0.019623194601426877,-2.1986377842794225,0.027907445190058233,60738,3656,9281,ledfr,cognitive,-0.017991615300119248,-0.06829697889781097
post24,-0.024938533825092996,0.010403093750457242,-2.3972228284491703,0.016522875672742538,60738,19252,9281,ledfr,cognitive,-0.011605975238702416,-0.038271092411483576
post36,-0.02448774981923608,0.011116638331924934,-2.202801700304649,0.027612469911271302,60738,16933,9281,ledfr,cognitive,-0.010240648717311913,-0.038734850921160247
post48,-0.037949088322377804,0.012277075211544398,-3.0910528500056316,0.001995383433419107,60738,14629,9281,ledfr,cognitive,-0.02221467280523832,-0.05368350383951729
pre24,-0.0434830330346619,0.03162177680309907,-1.3750977152681811,0.1691407535743992,7779,2186,1484,lejlf,cognitive,-0.002945839733567185,-0.08402022633575662
pre12,-0.005316428516224466,0.027844354381367314,-0.1909338045123458,0.8485824378985962,7779,2500,1484,lejlf,cognitive,0.030376982794299755,-0.04100983982674868
post03,-0.041028777566952536,0.04241158998217869,-0.9673954120605426,0.3333764774127487,7779,870,1484,lejlf,cognitive,0.01336521166457666,-0.09542276679848173
post06,-0.06364697258755138,0.046831639812343076,-1.3590592352219195,0.1741672188352089,7779,640,1484,lejlf,cognitive,-0.0035677004356577183,-0.12372624473944505
post09,-0.04636482036174314,0.06019804817344952,-0.7702047120888621,0.44120185812931634,7779,412,1484,lejlf,cognitive,0.030906283149205675,-0.12363592387269196
post12,-0.023141986220316046,0.049702354633056785,-0.46561146632124406,0.6415066690383748,7779,616,1484,lejlf,cognitive,0.040622637549598425,-0.08690660999023052
post24,-0.04474991890092929,0.030032262488239824,-1.4900615269479838,0.13624860187036417,7779,2400,1484,lejlf,cognitive,-0.006251424806793984,-0.0832484129950646
post36,-0.02908430824774839,0.03213334752399818,-0.9051129274977445,0.3654335952424128,7779,2061,1484,lejlf,cognitive,0.012109443533959489,-0.07027806002945627
post48,-0.02822394371658068,0.03785897765775844,-0.7455020040879722,0.455990824595103,7779,1808,1484,lejlf,cognitive,0.020312032032882146,-0.0767599194660435
pre24,-0.039929834558403904,0.08402313427549678,-0.4752242927225393,0.634697001588129,1485,320,336,lejls,cognitive,0.06797360330093413,-0.14783327241774194
pre12,-0.07796742444717351,0.08051939430454914,-0.9683061468678801,0.33304917041437776,1485,384,336,lejls,cognitive,0.02540062551874603,-0.18133547441309306
post03,0.024781416091825242,0.13025298245948108,0.1902560357843185,0.8491345065156096,1485,120,336,lejls,cognitive,0.19263924101242447,-0.14307640882877398
post06,-0.33863577391520566,0.120608824870785,-2.8077197027498206,0.005054616919408624,1485,117,336,lejls,cognitive,-0.18318398792724988,-0.49408755990316144
post09,-0.0427148975492,0.13447692794913577,-0.3176373687340358,0.7508046810873127,1485,75,336,lejls,cognitive,0.13117678674928426,-0.21660658184768425
post12,-0.1764110941711854,0.131780336991876,-1.3386753911705416,0.1808812692106528,1485,108,336,lejls,cognitive,-0.006478551087496315,-0.3463436372548745
post24,0.0576385009230957,0.08394297034969796,0.6866388058818923,0.4924175694527878,1485,381,336,lejls,cognitive,0.16540309099534223,-0.050126089149150836
post36,0.014302647649318882,0.09647392695864856,0.14825402158087125,0.8821624273682671,1485,327,336,lejls,cognitive,0.13819001050374594,-0.10958471520510817
post48,0.06117943437484644,0.10583732143734306,0.57805161302258945,0.5633169163529261,1485,274,336,lejls,cognitive,0.19714443750912972,-0.07478556875943684
pre24,0.011292166954398915,0.018423362877923226,0.6129264797758696,0.539930137722202,26887,5794,5015,lepcm,cognitive,0.034905349183359226,-0.012321015274561397
pre12,-0.027195385612528607,0.017647593796321772,-1.5410251350071786,0.12332243708537258,26887,6907,5015,lepcm,cognitive,-0.0045769205806138955,-0.04981385064444332
post03,-0.08909652049462632,0.023838648926014047,-3.7374819676713846,1.8625711907221837e-4,26887,3010,5015,lepcm,cognitive,-0.05853935411508136,-0.11965368687417129
post06,-0.08459954198879495,0.028383514317775388,-2.980587288862037,0.0028795360171963258,26887,1975,5015,lepcm,cognitive,-0.04821242784839405,-0.12098665612919585
post09,-0.043005128759853975,0.03202192606036104,-1.3429900712027658,0.1792865252322248,26887,1401,5015,lepcm,cognitive,-0.0019480061876516047,-0.08406225133205635
post12,-0.05665842236813111,0.03423359583893835,-1.655053200800077,0.09792537801123269,26887,1341,5015,lepcm,cognitive,-0.012764665048536572,-0.10055217968772565
post24,-0.011206395355182985,0.018524557422796746,-0.6049480751098613,0.5452186037835589,26887,7265,5015,lepcm,cognitive,0.012535939360816591,-0.03494873007118256
post36,-0.024040010594407017,0.020013377439310063,-1.2011970826667109,0.22968534194046536,26887,6530,5015,lepcm,cognitive,0.0016107599034837251,-0.049690781092297756
post48,-0.024142017859287414,0.022845785845110808,-1.0567383421592393,0.29064051547865205,26887,5825,5015,lepcm,cognitive,0.005139356036469256,-0.05342339175504408
pre24,0.005130980076320413,0.01180221094061351,0.43474736234918465,0.6637476790729524,50354,13930,8244,leins,cognitive,0.020256839340439523,-0.009994879187798695
pre12,-0.047298033545638184,0.011419150199724835,-4.141992417857671,3.4486269248472525e-5,50354,15633,8244,leins,cognitive,-0.03266318527453773,-0.06193288181673864
post03,-0.16519290517347276,0.016850292462877624,-9.803563085768648,1.138844944617918e-22,50354,5410,8244,leins,cognitive,-0.14359574885060386,-0.18679006149634167
post06,-0.17254452454014066,0.01942297049955722,-8.883529146279356,6.685594616183332e-19,50354,3869,8244,leins,cognitive,-0.147648734464193,-0.19744031461608832
post09,-0.18815611280173852,0.02169708501037979,-8.671953523329307,4.371768770460902e-18,50354,2937,8244,leins,cognitive,-0.16034392182735097,-0.21596830377612608
post12,-0.1691653221282863,0.018950483365657602,-8.926702230448152,4.532950576275009e-19,50354,4209,8244,leins,cognitive,-0.14487548734688044,-0.19345515690969217
post24,-0.08364287970713628,0.011811439986189418,-7.081514176504822,1.4444929937831021e-12,50354,15051,8244,leins,cognitive,-0.06850524586075321,-0.09878051355351936
post36,-0.06051069065341316,0.012441302650063003,-4.863694128774107,1.1556206347581134e-6,50354,13025,8244,leins,cognitive,-0.04456571101460538,-0.07645567029222095
post48,-0.052335213010209866,0.013855738793197457,-3.7771506659683927,1.5881513213529942e-4,50354,11152,8244,leins,cognitive,-0.034577317275651914,-0.07009310874476782
pre24,-0.05307565784896537,0.009301761049535165,-5.705979498539979,1.1609447862056268e-8,77803,23302,12347,lemvd,cognitive,-0.04115463344712469,-0.06499668225080606
pre12,-0.11288670242556954,0.008714155374340506,-12.954405513352796,2.430895185545367e-38,77803,26863,12347,lemvd,cognitive,-0.10171878832032846,-0.12405461653081062
post03,0.03058375008916553,0.013496373725684801,2.266071665677272,0.02344973048088936,77803,9075,12347,lemvd,cognitive,0.047881308242839066,0.013286191935491989
post06,-0.008070508215537394,0.013611139061152517,-0.5929340798942677,0.5532269927400357,77803,8462,12347,lemvd,cognitive,0.009374230359424116,-0.025515246790498904
post09,-0.029327598077972358,0.01430221052328462,-2.0505640040905395,0.04031276755924257,77803,7419,12347,lemvd,cognitive,-0.010996945392303809,-0.04765825076364091
post12,0.034073256008538826,0.0148779077988189,2.2901913675821928,0.022012888574194586,77803,6541,12347,lemvd,cognitive,0.0531419881424253,0.01500452387465235
post24,-0.027486545396223746,0.008569846521519743,-3.2073556191703405,0.001340154655131734,77803,28427,12347,lemvd,cognitive,-0.016503589936376288,-0.038469500856071204
post36,-0.016134254009117763,0.009122553691802975,-1.7686115702026635,0.07696263617994133,77803,24768,12347,lemvd,cognitive,-0.004442919208306811,-0.027825588809928713
post48,-0.011880981432479861,0.010046940105725936,-1.1825472539354218,0.2369922411250806,77803,21702,12347,lemvd,cognitive,9.950823455729865e-4,-0.024757045210532708
pre24,-0.017465907495393753,0.01867642719534135,-0.9351846213793209,0.3497030547973877,22828,5335,4225,lesep,cognitive,0.00647186161584749,-0.04140367660663499
pre12,-0.10772533818451856,0.018064393816646613,-5.963407312635535,2.5066598433661278e-9,22828,6159,4225,lesep,cognitive,-0.08457240229342705,-0.13087827407561006
post03,-0.3856376144002123,0.03129188519142326,-12.323885634922089,8.691948981120098e-35,22828,1826,4225,lesep,cognitive,-0.34552092883504515,-0.4257542999653795
post06,-0.3115694106720644,0.032696794678890036,-9.529050591409264,1.7402965268166897e-21,22828,1470,4225,lesep,cognitive,-0.2696479304461402,-0.3534908908979886
post09,-0.31929327602638075,0.036627334719948064,-8.717349445917682,3.0384172912365086e-18,22828,1296,4225,lesep,cognitive,-0.2723295008888569,-0.3662570511639046
post12,-0.2053917929957367,0.02697066899838283,-7.615376281843512,2.7311589604929702e-14,22828,2334,4225,lesep,cognitive,-0.1708177001362763,-0.2399658858551971
post24,-0.1135740284227143,0.018953608764706985,-5.992211289820306,2.101103648644211e-9,22828,6361,4225,lesep,cognitive,-0.08928147823979961,-0.137866578605629
post36,-0.055458721630766906,0.020201317090584963,-2.745302268267153,0.006050247982437221,22828,5552,4225,lesep,cognitive,-0.02956661080369585,-0.08135083245783796
post48,-0.05403921681766102,0.02281142546635803,-2.3689539655186085,0.01784674756476523,22828,4858,4225,lesep,cognitive,-0.024801222169994776,-0.08327721146532727
pre24,0.002680313274082361,0.03694337574226323,0.07255193171251219,0.9421650882323859,6022,1320,1213,ledsc,cognitive,0.05004887809482689,-0.04468825154666217
pre12,-0.06839719664626842,0.03785301701132546,-1.8069153279328904,0.07082537347795012,6022,1483,1213,ledsc,cognitive,-0.01986497025421831,-0.11692942303831853
post03,-0.22954429423431497,0.07015556859095669,-3.2719326326421374,0.0010741672466982695,6022,389,1213,ledsc,cognitive,-0.13948297531802972,-0.3196056131506002
post06,-0.30603166747451327,0.07358838019230636,-4.158695526043237,3.24517582496368e-5,6022,337,1213,ledsc,cognitive,-0.21153857791051714,-0.4005247570385094
post09,-0.25133914155025383,0.07993076481103337,-3.144460610935626,0.0016720267295683758,6022,263,1213,ledsc,cognitive,-0.14864480341245825,-0.35403347968804944
post12,-0.22189825971229446,0.06281260187761416,-3.5327028825305993,4.144175370790975e-4,6022,470,1213,ledsc,cognitive,-0.14128712618535477,-0.30250939323923415
post24,0.0059295535357888115,0.04476824950960858,0.13244997516635434,0.8946328134850934,6022,1484,1213,ledsc,cognitive,0.0633279417904074,-0.051468834718829785
post36,0.002184752461542873,0.05202632120529136,0.04199321441395075,0.9665054996284863,6022,1307,1213,ledsc,cognitive,0.06889290814966471,-0.06452340322657897
post48,0.026633204572430662,0.06228431381012492,0.4276069357306009,0.6689526051740005,6022,1151,1213,ledsc,cognitive,0.10649964260386045,-0.05323323345899912
pre24,0.0633855982379857,0.01852541428637625,3.421548217931084,6.2375768904557e-4,22621,5354,3971,lebth,cognitive,0.08712980210949221,0.03964139436647919
pre12,0.1655809405928761,0.017635230164672562,9.389213469103055,6.598442095083527e-21,22621,6220,3971,lebth,cognitive,0.18818379834152105,0.14297808284423114
post03,0.23804639988960236,0.02716080083840409,8.764336563781137,2.0084801010350725e-18,22621,1945,3971,lebth,cognitive,0.2728661989777519,0.20322660080145283
post06,0.14999975580905744,0.03047569055029994,4.921947726220798,8.628973205004542e-7,22621,1642,3971,lebth,cognitive,0.1890716534837623,0.1109278581343526
post09,0.1137153907303265,0.03007999586005214,3.780432392989345,1.5695834071336018e-4,22621,1509,3971,lebth,cognitive,0.15228135085138808,0.0751494306092649
post12,0.08047085235822794,0.028674581637982612,2.806347913778645,0.005014937814126869,22621,1676,3971,lebth,cognitive,0.11723330599836279,0.04370839871809309
post24,-0.0380183439625427,0.01860755065805879,-2.0431675646723146,0.04104741627418585,22621,6248,3971,lebth,cognitive,-0.014169286344098551,-0.06186740158098685
post36,-0.09678419527807414,0.021433734020757288,-4.515507899106354,6.3483999624190904e-6,22621,5616,3971,lebth,cognitive,-0.06931252789327136,-0.12425586266287691
post48,-0.06536541038771279,0.024141975056468874,-2.7075419568954464,0.006783441692976774,22621,4999,3971,lebth,cognitive,-0.034422134625589254,-0.09630868614983633
pre24,0.042626321470300634,0.016151791733807073,2.6391079189734796,0.008317383497221198,26130,7848,4485,leprg,cognitive,0.06332741816191712,0.02192522477868415
pre12,0.056204784643481644,0.014374891148720285,3.909927669155619,9.255684042383148e-5,26130,9065,4485,leprg,cognitive,0.0746282916257512,0.03778127766121209
post03,0.12647520237665613,0.026842843406674498,4.711691696014885,2.4693243156503748e-6,26130,1952,4485,leprg,cognitive,0.1608873421358364,0.09206306261747588
post06,0.13546799919006777,0.024586965737374882,5.509748565035073,3.6273435697415e-8,26130,2272,4485,leprg,cognitive,0.1669866318890355,0.10394936649110002
post09,0.15192524397740306,0.023423895752055647,6.485908475069538,8.977453661439916e-11,26130,2403,4485,leprg,cognitive,0.18195243231854955,0.12189805563625658
post12,0.14882550090409885,0.020626020568576917,7.215424827551551,5.523097212580637e-13,26130,3430,4485,leprg,cognitive,0.17526390320825058,0.12238709859994712
post24,-0.001652986118473335,0.014705391408497547,-0.11240680867006049,0.9105017204627629,26130,9283,4485,leprg,cognitive,0.017194072597320923,-0.02050004483426759
post36,-0.050875453822562255,0.015801500091802596,-3.2196597492003374,0.001284996224678175,26130,8297,4485,leprg,cognitive,-0.03062340400976112,-0.0711275036353634
post48,-0.057927319211748554,0.01951172054650651,-2.9688473178814667,0.002991903081587766,26130,7394,4485,leprg,cognitive,-0.03291980867541043,-0.08293482974808668
pre24,0.07733721404004165,0.02654253298425787,2.9137088794769372,0.003576450764055666,16403,3221,3425,lemar,cognitive,0.11135981861861466,0.043314609461468645
pre12,0.1684846753361441,0.025930025185783162,6.497667245943147,8.39243613148776e-11,16403,3884,3425,lemar,cognitive,0.2017209940411237,0.13524835663116452
post03,0.32823387293270895,0.04638708034718638,7.07597612257608,1.5440144714489594e-12,16403,805,3425,lemar,cognitive,0.38773019338751163,0.26873755247790626
post06,0.21232861039629433,0.04315511703075119,4.920125931879517,8.732708042449691e-7,16403,861,3425,lemar,cognitive,0.26767663345260684,0.1569805873399818
post09,0.1876066024113654,0.04445202903338581,4.22042832444078,2.4515010396608133e-5,16403,905,3425,lemar,cognitive,0.24461582965242556,0.13059737517030523
post12,0.12760624760039924,0.03530261651133438,3.614639939207609,3.0166574141905013e-4,16403,1744,3425,lemar,cognitive,0.1728655243705217,0.08234697083027678
post24,0.08060526618765135,0.03088850886878818,2.6095551109331896,0.009074236443999358,16403,4135,3425,lemar,cognitive,0.12019680964774629,0.041013722727556406
post36,0.043010339545581464,0.03404581537123197,1.2633076657616,0.20649658794683498,16403,3721,3425,lemar,cognitive,0.08664955696874081,-6.288778775778853e-4
post48,-0.04728588125320663,0.04237004481871193,-1.1160215065980699,0.2644292773735694,16403,3278,3425,lemar,cognitive,0.007024464205877275,-0.10159622671229054
pre24,0.019026541568895102,0.021985652875871148,0.8654071669518799,0.38682889200288184,15329,3963,2818,lertr,cognitive,0.047206988040051356,-0.009153904902261156
pre12,-0.008909930694374946,0.021257261613012876,-0.41914762383695886,0.6751141206277835,15329,4428,2818,lertr,cognitive,0.01833641189627978,-0.03615627328502967
post03,0.11553150168719531,0.04542742633514199,2.543210368882858,0.010993647085691385,15329,733,2818,lertr,cognitive,0.1738016779357076,0.057261325438682995
post06,0.07745232417412073,0.047116524777604,1.6438462840734873,0.10022846530624703,15329,602,2818,lertr,cognitive,0.1379010243955547,0.017003623952686765
post09,0.15649810837669265,0.048546029529910335,3.2237056231400043,0.0012680822653729138,15329,591,2818,lertr,cognitive,0.2187820863841875,0.09421413036919779
post12,0.024929121189341038,0.032183673234124265,0.7745890597381767,0.43859447108407545,15329,1476,2818,lertr,cognitive,0.0661926384602874,-0.01633439608160533
post24,0.07998638695064683,0.023208474468312392,3.4464301847954704,5.695683035744423e-4,15329,4341,2818,lertr,cognitive,0.10973377161825132,0.050239002283042344
post36,0.05546562003206489,0.024439600460027817,2.2694978227152967,0.023251899073661743,15329,3757,2818,lertr,cognitive,0.08679173782322613,0.02413950224090366
post48,0.07869239991776308,0.02878160321453286,2.734121491815594,0.006261877272112388,15329,3294,2818,lertr,cognitive,0.11558490944390834,0.04179989039161782
pre24,-0.007460327380494483,0.014923324937881738,-0.4999105367971318,0.617141381230766,33246,8661,5669,leprm,cognitive,0.011666142045624439,-0.026586796806613404
pre12,0.013627167216473609,0.013903964796144122,0.9800921835081692,0.3270477490223338,33246,10042,5669,leprm,cognitive,0.0314469874291054,-0.004192652996158182
post03,0.053903598413771875,0.019122669002833135,2.81883237145326,0.0048227157825718805,33246,4133,5669,leprm,cognitive,0.07841420339901992,0.02939299342852383
post06,0.010561916173414175,0.022890510469959793,0.46141025064840885,0.644507317266855,33246,2757,5669,leprm,cognitive,0.039904318902560666,-0.018780486555732313
post09,0.013456950494758842,0.026634613037970187,0.5052429511769018,0.6133915555779301,33246,1956,5669,leprm,cognitive,0.047602118248483136,-0.020688217258965455
post12,0.015122989526967478,0.029630658523867048,0.5103831733873258,0.6097864314963083,33246,1670,5669,leprm,cognitive,0.053111242297351015,-0.022865263243416055
post24,-0.01660162908092718,0.013957030771288768,-1.1894814415024906,0.23425876449358438,33246,10191,5669,leprm,cognitive,0.0012861851806348149,-0.03448944334248918
post36,-0.011093263437459935,0.015097185513489764,-0.7347901651965387,0.4624724803222131,33246,9025,5669,leprm,cognitive,0.008255974737975128,-0.030442501612895
post48,-0.020023544706602395,0.01704217602083795,-1.17494061099469,0.2400268915891751,33246,7990,5669,leprm,cognitive,0.0018186887446290795,-0.04186577815783387
pre24,-0.038986162770792525,0.010141408068928817,-3.844255403767657,1.2103572238567658e-4,64085,19399,10023,lejob,cognitive,-0.025988982767493438,-0.05198334277409161
pre12,-0.09706960201524584,0.009633599987859499,-10.076150363060055,7.337635797119256e-24,64085,22235,10023,lejob,cognitive,-0.08472328004760299,-0.10941592398288869
post03,0.027421354285327902,0.014136588258583634,1.9397434362338348,0.052415259955321286,64085,7925,10023,lejob,cognitive,0.045539631553742056,0.009303077016913748
post06,-0.0065016759256290805,0.015012018733660993,-0.4330980423739127,0.6649450025103073,64085,6582,10023,lejob,cognitive,0.01273893153970477,-0.025742283390962933
post09,-0.010529114746132977,0.015941059697514047,-0.6605028113516792,0.5089335890579165,64085,5459,10023,lejob,cognitive,0.009902648172551962,-0.030960877664817917
post12,-0.04355874832764236,0.017903869237409272,-2.4329237300632456,0.014980171829482733,64085,4380,10023,lejob,cognitive,-0.02061055481887038,-0.06650694183641434
post24,-0.027689982176394273,0.009583846186997097,-2.8892348266150925,0.0038630997618892267,64085,22458,10023,lejob,cognitive,-0.015407427788493371,-0.039972536564295176
post36,-0.028202717540911523,0.010276674289144937,-2.744342843550227,0.006064905081947912,64085,19763,10023,lejob,cognitive,-0.01503218925935956,-0.04137324582246349
post48,-0.020957190907542916,0.011402636876184438,-1.8379249585079862,0.06607808981328209,64085,17332,10023,lejob,cognitive,-0.006343566749800805,-0.035570815065285026
pre24,-0.03014999851812915,0.020183342895058787,-1.4938059901618361,0.13524157085470662,20709,4792,3870,lefrd,cognitive,-0.004280436870843469,-0.05601956016541483
pre12,-0.06863148987643103,0.01931385332450442,-3.5534850929697672,3.8100825747578723e-4,20709,5455,3870,lefrd,cognitive,-0.043876792591977576,-0.09338618716088448
post03,-0.13663623822449847,0.029632528377144796,-4.611021931219487,4.030886481664889e-6,20709,1954,3870,lefrd,cognitive,-0.0986477755724365,-0.17462470087656046
post06,-0.09519697903570244,0.034640170641219284,-2.7481671502629657,0.005998132301660975,20709,1393,3870,lefrd,cognitive,-0.05078273649605642,-0.13961122157534847
post09,-0.06713257737371428,0.03644260355408487,-1.8421454788234897,0.06546816089044646,20709,1155,3870,lefrd,cognitive,-0.020402751486463824,-0.11386240326096474
post12,-0.0706639461193985,0.035208327790444256,-2.007023637702473,0.04476011767165159,20709,1304,3870,lefrd,cognitive,-0.025519771132267062,-0.11580812110652994
post24,-0.061362863510864125,0.020941265890881213,-2.9302365879220478,0.003390737680671978,20709,5436,3870,lefrd,cognitive,-0.034522289095206674,-0.08820343792652158
post36,-0.03155955560697697,0.022292718796579264,-1.4156889473624756,0.15688163444742595,20709,4700,3870,lefrd,cognitive,-0.0029862700389983315,-0.06013284117495561
post48,-0.03165411537161085,0.026040817981324054,-1.2155576447065732,0.2241673340566572,20709,4070,3870,lefrd,cognitive,0.001723954558230531,-0.06503218530145223
pre24,-0.015481986800141258,0.02083184888870117,-0.7431883210586466,0.45737621978537046,20428,4447,3796,lefni,cognitive,0.011219069053063937,-0.04218304265334645
pre12,-0.026179591144706152,0.020316450416889596,-1.2885908024042612,0.19755497604164834,20428,5091,3796,lefni,cognitive,-1.3963276314957196e-4,-0.05221954952626273
post03,0.19135547759116012,0.030225575095185243,6.330912711786315,2.487887960529852e-10,20428,1709,3796,lefni,cognitive,0.23010609815449087,0.15260485702782936
post06,0.19188711964046992,0.0323752147586582,5.926975962040622,3.135202502840861e-9,20428,1371,3796,lefni,cognitive,0.2333976427548431,0.15037659652609675
post09,0.19006156082136783,0.03634827433717538,5.228901902145639,1.7219908439516565e-7,20428,1046,3796,lefni,cognitive,0.23667321450328926,0.1434499071394464
post12,0.09253709921798012,0.03729673725350238,2.4811044083833456,0.013105585327621107,20428,1055,3796,lefni,cognitive,0.14036476757246497,0.04470943086349526
post24,0.08966526869749208,0.022277334121257743,4.024955060126814,5.719162790812887e-5,20428,5116,3796,lefni,cognitive,0.11821850872932808,0.061112028665656085
post36,0.08261959700257454,0.02362383024578157,3.4972989622344435,4.7099325421944097e-4,20428,4553,3796,lefni,cognitive,0.11289914786886444,0.05234004613628464
post48,0.05421499520720463,0.027667454881958656,1.9595223137982614,0.05006522766189586,20428,4034,3796,lefni,cognitive,0.08967807409416192,0.018751916320247343
pre24,-0.014151212761499719,0.01956984359703914,-0.7231132273147424,0.4696193966415152,18640,4436,3375,lefnw,cognitive,0.01093228713861656,-0.039234712661615996
pre12,-0.10261737178742998,0.01895366111209441,-5.414118738355484,6.235273603730952e-8,18640,5080,3375,lefnw,cognitive,-0.07832411803707698,-0.12691062553778298
post03,-0.38881466740586224,0.03370821173005316,-11.534716540872074,1.120774349992593e-30,18640,1517,3375,lefnw,cognitive,-0.3455970237304848,-0.4320323110812397
post06,-0.3481503230071182,0.0351025761494818,-9.918084687703406,3.963502925530767e-23,18640,1270,3375,lefnw,cognitive,-0.30314113124638187,-0.3931595147678545
post09,-0.40342896051701743,0.03936874396925848,-10.247443018045976,1.412006173731773e-24,18640,988,3375,lefnw,cognitive,-0.3529420940054462,-0.4539158270285887
post12,-0.37870367554180445,0.033448314899170835,-11.322055436376925,1.2751964549516133e-29,18640,1382,3375,lefnw,cognitive,-0.3358174206157783,-0.4215899304678306
post24,-0.13437378653560908,0.019645981609734603,-6.839759356642517,8.178682468067835e-12,18640,5187,3375,lefnw,cognitive,-0.10919324053607075,-0.15955433253514742
post36,-0.054345989864651764,0.021624160308125712,-2.513206944929564,0.011972277997165518,18640,4581,3375,lefnw,cognitive,-0.026629515686874335,-0.0820624640424292
post48,-0.03358733586336492,0.02431702197865245,-1.3812273514762925,0.16722562460268695,18640,4055,3375,lefnw,cognitive,-0.002418739381055763,-0.06475593234567407
pre24,-0.01901139158989486,0.0332257624502311,-0.5721882716272363,0.5672097281516036,8409,2133,1885,levio,affective,0.02358233391337188,-0.061605117093161604
pre12,-0.0669942310724669,0.03043371875930517,-2.2013159680652987,0.02774073184116945,8409,2496,1885,levio,affective,-0.02798152181741593,-0.10600694032751787
post03,-0.3377646026153513,0.03930535453551537,-8.593348326375109,9.967681813459992e-18,8409,1046,1885,levio,affective,-0.2873609010129122,-0.3881683042177904
post06,-0.13440740683406865,0.04849783468372882,-2.7714104703969964,0.0055936697669644875,8409,646,1885,levio,affective,-0.07219120918938575,-0.19662360447875155
post09,-0.19391607716147244,0.05370214603699365,-3.6109558271263498,3.0684700759591973e-4,8409,548,1885,levio,affective,-0.12501079117498687,-0.262821363147958
post12,-0.17854024561097678,0.04956410761843924,-3.6022084163289727,3.173458493478439e-4,8409,640,1885,levio,affective,-0.11495555110730223,-0.24212494011465135
post24,-0.094502158034254,0.030363466484442252,-3.1123639352138985,0.0018621787014006842,8409,2626,1885,levio,affective,-0.055580015034192666,-0.13342430103431535
post36,-0.03375111865912165,0.034635756430305024,-0.9744588291881696,0.3298568021410305,8409,2323,1885,levio,affective,0.010649020837705261,-0.07815125815594856
post48,-0.009398341400250828,0.039976101877978475,-0.23509899561838135,0.8141376227907313,8409,2050,1885,levio,affective,0.0418496168979503,-0.06064629969845196
pre24,-0.04576938411011406,0.04080949317008418,-1.1215376755442232,0.26210420240918225,5966,1342,1407,lercl,affective,0.006555862093042909,-0.09809463031327104
pre12,-0.12926526462279894,0.03965365817344939,-3.2598572383253694,0.0011209350222374315,5966,1605,1407,lercl,affective,-0.07842611906792694,-0.18010441017767093
post03,-0.2830946645071352,0.05511865738235845,-5.136095071099172,2.89409521449767e-7,5966,684,1407,lercl,affective,-0.21238887526735634,-0.3538004537469141
post06,-0.09646541812770577,0.05920330877803324,-1.629392345103155,0.10328278218412423,5966,482,1407,lercl,affective,-0.02048897798227642,-0.17244185827313513
post09,-0.04053439903354883,0.06697659449531788,-0.6052024492881981,0.5450675076417246,5966,319,1407,lercl,affective,0.04547824532682786,-0.12654704339392553
post12,-0.061488230044241685,0.06435804018782634,-0.9554086772187401,0.33940977785774895,5966,367,1407,lercl,affective,0.021139056586755037,-0.14411551667523842
post24,-0.019706073094573614,0.042653445745545554,-0.4620042472566612,0.6440951209193782,5966,1717,1407,lercl,affective,0.034977568330242625,-0.07438971451938986
post36,-0.01238180623341254,0.04640172845964189,-0.2668393321637075,0.7896020916549819,5966,1537,1407,lercl,affective,0.04710998761688682,-0.0718736000837119
post48,-0.028311706827705268,0.05707773283710903,-0.4960201714476375,0.6198984515038977,5966,1325,1407,lercl,affective,0.044872865970929515,-0.10149627962634006
pre24,0.0033286202012111463,0.009274134592944667,0.35891437285624544,0.7196601133024687,78423,23702,12725,leinf,affective,0.015214233183532795,-0.008556992781110504
pre12,-0.018721814147055985,0.008794688944160916,-2.1287636510994528,0.03327692701239718,78423,26939,12725,leinf,affective,-0.007450690363195579,-0.02999293793091639
post03,-0.11510115902061058,0.01196534817037916,-9.619541143445327,6.799378704704822e-22,78423,11077,12725,leinf,affective,-0.09976603372354263,-0.13043628431767854
post06,-0.10038727886497394,0.014548956129004705,-6.899964366848458,5.240840363273559e-12,78423,6655,12725,leinf,affective,-0.0817401901175001,-0.11903436761244778
post09,-0.0736431104225526,0.017183718284061737,-4.285633016391927,1.824365646300239e-5,78423,4474,12725,leinf,affective,-0.05161803657762857,-0.09566818426747664
post12,-0.1092789561857789,0.014818894020082098,-7.374299056170285,1.668334208191856e-13,78423,6481,12725,leinf,affective,-0.09028584312698945,-0.12827206924456835
post24,-0.03126782278224803,0.008850369854745433,-3.532939673191477,4.1120230599249973e-4,78423,27192,12725,leinf,affective,-0.019925341878435154,-0.042610303686060905
post36,-0.029543778092276183,0.00932711842801063,-3.1675139884095525,0.001538072290674517,78423,24139,12725,leinf,affective,-0.017590267732498922,-0.041497288452053444
post48,-0.005744607621407575,0.010441273795675466,-0.5501826437868969,0.5821956736960134,78423,21347,12725,leinf,affective,0.007636837272898557,-0.019126052515713705
pre24,-0.0029469851564202358,0.010373292556881386,-0.2840935161387383,0.7763395721161177,68683,18103,12060,ledrl,affective,0.010347409310439022,-0.016241379623279494
pre12,-0.017347360098864038,0.00998493902043602,-1.7373526331367137,0.08232942919309495,68683,20298,12060,ledrl,affective,-0.004550729381239699,-0.030143990816488376
post03,-0.12947102384236178,0.014829732151450559,-8.73050318914207,2.590995384813829e-18,68683,7116,12060,ledrl,affective,-0.1104641926906025,-0.14847785499412106
post06,-0.06725304287924727,0.016556774821773444,-4.061965183630106,4.8715303413167106e-5,68683,5143,12060,ledrl,affective,-0.04603195590214944,-0.0884741298563451
post09,-0.05384929729129928,0.018682314288813964,-2.8823675942300975,0.003948213282559462,68683,3835,12060,ledrl,affective,-0.029902822202765654,-0.0777957723798329
post12,-0.02726085218888036,0.01638816064928178,-1.6634479471053443,0.09622736448892528,68683,5243,12060,ledrl,affective,-0.006255932218419982,-0.04826577215934074
post24,-0.005194858947094559,0.010458321795221834,-0.4967201286030394,0.6193880157946299,68683,19945,12060,ledrl,affective,0.008208463673368239,-0.018598181567557357
post36,-0.018432143004169992,0.011158557654134442,-1.6518392049836799,0.09857190545521705,68683,17469,12060,ledrl,affective,-0.004131335154103367,-0.032732950854236616
post48,-0.00484570948158259,0.012314942131491903,-0.3934821154531526,0.6939646521213617,68683,15185,12060,ledrl,affective,0.010937210537402424,-0.020628629500567604
pre24,0.013333681788860352,0.047609496538485056,0.28006349065426667,0.7794392753980914,5527,1197,1447,ledhm,affective,0.07438142585062639,-0.047714062272905686
pre12,-0.04725992071457551,0.046111292150344624,-1.024909919255479,0.3054505480298483,5527,1480,1447,ledhm,affective,0.011860484232776101,-0.10638032566192712
post03,-0.08111104347621347,0.08791906936980873,-0.9225648549012835,0.35627428824939766,5527,227,1447,ledhm,affective,0.0318921026465996,-0.19411418959902654
post06,-0.023258982101636842,0.06871083383214456,-0.33850530992618716,0.7349952843905235,5527,441,1447,ledhm,affective,0.06492990090195219,-0.11144786510522589
post09,-0.10131705819005113,0.06356738479953179,-1.5938528619600751,0.11102617418952247,5527,545,1447,ledhm,affective,-0.01975312898996605,-0.1828809873901362
post12,-0.11606316012949607,0.08076944682165121,-1.4369686149488887,0.15078351605381843,5527,295,1447,ledhm,affective,-0.012319835965623707,-0.2198064842933684
post24,-0.09666022040026802,0.058179916543551584,-1.6614018400647126,0.09668948305975271,5527,1557,1447,ledhm,affective,-0.022067989157960183,-0.17125245164257585
post36,-0.11942927985665981,0.06945854585228635,-1.719432481506933,0.08559164009031439,5527,1266,1447,ledhm,affective,-0.030368062663782183,-0.20849049704953743
post48,-0.1358945917276934,0.0862428353732992,-1.5757203614593402,0.11514749555470243,5527,1130,1447,ledhm,affective,-0.025305242891194457,-0.24648394056419232
pre24,0.010342954184798789,0.01091502302618153,0.9475888562020861,0.34334271278083817,58543,17622,9734,ledfr,affective,0.024331643454286372,-0.003645735084688793
pre12,-0.0033031188219995473,0.010308750842076789,-0.32041892103137737,0.74865192772651,58543,19719,9734,ledfr,affective,0.009908519575873763,-0.016514757219872857
post03,-0.03718426507285473,0.013722677443720504,-2.709694607729066,0.006736478457662129,58543,7892,9734,ledfr,affective,-0.01959647395015171,-0.05477205619555775
post06,-0.029764287426577097,0.017132173724697792,-1.7373328046323049,0.08233370349997408,58543,4969,9734,ledfr,affective,-0.007805603520239287,-0.05172297133291491
post09,-0.02196230017485477,0.020621870432870577,-1.0650003958829841,0.28688014297897635,58543,3121,9734,ledfr,affective,0.004471286936973282,-0.04839588728668282
post12,-0.0419213903582987,0.019378525500051157,-2.16329102842154,0.030522835896626882,58543,3656,9734,ledfr,affective,-0.017082321310990526,-0.06676045940560688
post24,-0.022730736089952533,0.010725431220803936,-2.119330740368006,0.03406672284647275,58543,19252,9734,ledfr,affective,-0.008985071238149575,-0.03647640094175549
post36,-0.014781273403543318,0.011612664694534118,-1.2728580211655134,0.20307348253626395,58543,16933,9734,ledfr,affective,1.0153586179368658e-4,-0.02966408266888032
post48,0.01381223355856158,0.012648340366845643,1.0920194395437668,0.2748290507014837,58543,14629,9734,ledfr,affective,0.030022466004398556,-0.002397998887275392
pre24,0.032334555344383176,0.031210632469870703,1.036010897106858,0.3002321197661164,7145,2186,1562,lejlf,affective,0.07234468663329222,-0.007675575944525857
pre12,-0.05579058618396585,0.02962200765997563,-1.8834167766200542,0.05968448839268502,7145,2500,1562,lejlf,affective,-0.017818418154150355,-0.09376275421378136
post03,-0.12721550115192767,0.04259562582500129,-2.986586032908083,0.002830687574866329,7145,870,1562,lejlf,affective,-0.07258548106994193,-0.1818455212339134
post06,-0.12657041285802442,0.050524146764884606,-2.50514696362955,0.012262131086871152,7145,640,1562,lejlf,affective,-0.06175410542371401,-0.19138672029233483
post09,0.017324830620633638,0.058473574252562145,0.29628478919046947,0.7670212123416594,7145,412,1562,lejlf,affective,0.09238237394340361,-0.05773271270213633
post12,-0.02802941422090834,0.052008049846469506,-0.5389437655065445,0.5899424486718776,7145,616,1562,lejlf,affective,0.03869325427136969,-0.09475208271318636
post24,-5.986745749881633e-4,0.030116967220423393,-0.01987831545608552,0.9841409985412979,7145,2400,1562,lejlf,affective,0.0380084029012014,-0.039205752051177725
post36,0.014848230672238972,0.03328481599683004,0.44609622218290407,0.6555412593467207,7145,2061,1562,lejlf,affective,0.05751812204441041,-0.02782166069993247
post48,-0.01331211821493377,0.039424450263597435,-0.3376614797651475,0.73562822553601,7145,1808,1562,lejlf,affective,0.03723082510561134,-0.06385506153547887
pre24,-0.1721579791376639,0.08465532119481671,-2.033634468664739,0.04220274907104987,1230,320,335,lejls,affective,-0.06344267984810761,-0.2808732784272202
pre12,-0.1151207458357886,0.08362322245944626,-1.3766600048403699,0.16886791735913803,1230,384,335,lejls,affective,-0.0077681072304224,-0.2224733844411548
post03,-0.34986160829130486,0.13622911184896794,-2.568185342639415,0.0103404554872346,1230,120,335,lejls,affective,-0.17430230842693314,-0.5254209081556765
post06,-0.18358288268076683,0.13607778558110487,-1.3491025143949602,0.1775523348497347,1230,117,335,lejls,affective,-0.00819327230580616,-0.35897249305572754
post09,-0.19818563704645076,0.15859877508597417,-1.2496038316753526,0.21168202576968667,1230,75,335,lejls,affective,0.0068979304321872825,-0.4032692045250888
post12,-0.012757389580495765,0.1311164669543876,-0.0972981493234848,0.9225054771944623,1230,108,335,lejls,affective,0.15631908402938083,-0.18183386319037237
post24,-0.09468305088194416,0.10014821341895762,-0.9454292557956013,0.34462545308427295,1230,381,335,lejls,affective,0.03388556088627952,-0.22325166265016783
post36,-0.1426000569333901,0.1110537774721823,-1.2840630924878693,0.1993616957532058,1230,327,335,lejls,affective,1.0076807181874647e-5,-0.285210190673962
post48,-0.005968883840081877,0.13253364688375624,-0.04503674335104592,0.96408533203023306,1230,274,335,lejls,affective,0.16429182825301397,-0.17622959593317772
pre24,-0.025420799643856823,0.018912608002549923,-1.344119205581241,0.1789216302420642,25868,5794,5327,lepcm,affective,-0.00118055305324926,-0.049661046234464386
pre12,-0.0484958880411954,0.01810151609101908,-2.679106423867791,0.007386561466362252,25868,6907,5327,lepcm,affective,-0.02529564253153888,-0.07169613355085193
post03,-0.06504831140422666,0.023699816334580404,-2.7446757597574574,0.0060612489971704365,25868,3010,5327,lepcm,affective,-0.03466910521900764,-0.09542751758944569
post06,-0.07634700064294883,0.027911630196238574,-2.735311413420686,0.006236374812628941,25868,1975,5327,lepcm,affective,-0.040564832782249795,-0.11212916850364787
post09,-0.0027233217489863026,0.03179750897622433,-0.08564575769198109,0.9317486855202262,25868,1401,5327,lepcm,affective,0.0380460629865435,-0.04349270648451611
post12,-0.0662462404456921,0.03247752457323143,-2.0397564566941617,0.04138472646766056,25868,1341,5327,lepcm,affective,-0.02460408901452075,-0.10788839187686347
post24,-0.026615303311893938,0.018878516386142644,-1.409819647238292,0.1586049662910264,25868,7265,5327,lepcm,affective,-0.002419310676210696,-0.050811295947577176
post36,-0.03814560923780237,0.02056640335687091,-1.8547535305952525,0.06364280144442722,25868,6530,5327,lepcm,affective,-0.011786035793794416,-0.06450518268181032
post48,-0.010753618439923665,0.024214450469212317,-0.44409921478897285,0.6569745690223545,25868,5825,5327,lepcm,affective,0.020281968721593276,-0.0417892056014406
pre24,0.030343169789142033,0.011714858773538561,2.59014388271423,0.009596472414851514,48142,13930,8592,leins,affective,0.045357077437395275,0.01532926214088879
pre12,-0.07877950174957336,0.011301324890100543,-6.9708200158532465,3.1914321478102593e-12,48142,15633,8592,leins,affective,-0.06429565906984244,-0.09326334442930428
post03,-0.47048590879514596,0.017761637996943462,-26.488880635677308,1.6495205014879753e-153,48142,5410,8592,leins,affective,-0.44772067352013245,-0.49325114407015946
post06,-0.32486234730491476,0.019557735135596898,-16.610427795068922,8.709073829765214e-62,48142,3869,8592,leins,affective,-0.2997938198977447,-0.34993087471208484
post09,-0.2619788117244672,0.0215203381810202,-12.173545300301956,4.82563258763639e-34,48142,2937,8592,leins,affective,-0.23439318190195393,-0.28956444154698047
post12,-0.27809794407093413,0.018792951201144197,-14.797992135157692,1.938884766741817e-49,48142,4209,8592,leins,affective,-0.2540100265797079,-0.3021858615621604
post24,-0.0717303074753314,0.01189086384407374,-6.032388261773001,1.6272902961765553e-9,48142,15051,8592,leins,affective,-0.05649088339162539,-0.08696973155903742
post36,-0.052765411241476844,0.012588267227156379,-4.191634185175799,2.774461577921663e-5,48142,13025,8592,leins,affective,-0.03663207936534381,-0.06889874311760988
post48,-0.022714362971826253,0.014385086049967629,-1.5790216960069814,0.1143376506745211,48142,11152,8592,leins,affective,-0.004278041241123368,-0.04115068470252914
pre24,-0.011195245292839636,0.009574126891440294,-1.1693228447649566,0.24227741612186887,72701,23302,12986,lemvd,affective,0.0010748398761276298,-0.0234653304618069
pre12,-0.0520993516545147,0.009053472289604679,-5.754626511016761,8.71811414264421e-9,72701,26863,12986,lemvd,affective,-0.04049657473109573,-0.06370212857793367
post03,-0.007425437887384003,0.013302194423916688,-0.5582114988511544,0.5767016887332598,72701,9075,12986,lemvd,affective,0.009623251360252837,-0.024474127135020843
post06,0.013551203076732403,0.013588238381002008,0.9972744587465153,0.31863462694669925,72701,8462,12986,lemvd,affective,0.030966590957632267,-0.0038641848041674615
post09,0.016114875907841022,0.014520935956578936,1.10976840308561,0.2671025089018121,72701,7419,12986,lemvd,affective,0.034725861479444446,-0.0024961096637624025
post12,0.00757474907661019,0.014809843862436618,0.5114671800033374,0.6090255175118179,72701,6541,12986,lemvd,affective,0.026556244954673475,-0.011406746801453097
post24,-0.00591618707481754,0.00896007520652169,-0.6602831938856247,0.5090742049120333,72701,28427,12986,lemvd,affective,0.005566878189303425,-0.017399252338938506
post36,0.004273368573447908,0.0094363589100908,0.4528620216933639,0.6506494511711036,72701,24768,12986,lemvd,affective,0.016366871669803242,-0.007820134522907429
post48,0.014397055632766354,0.010677974648530956,1.3482946070439545,0.1775678464563572,72701,21702,12986,lemvd,affective,0.028081847335322416,7.122639302102902e-4
pre24,-0.01724874297423502,0.019742218412174887,-0.8736983156663813,0.3822926007418226,20913,5335,4381,lesep,affective,0.008055061717714824,-0.04255254766618487
pre12,-0.10493939052949498,0.018602894894198235,-5.641024750520033,1.712260825133875e-8,20913,6159,4381,lesep,affective,-0.08109626369967698,-0.12878251735931298
post03,-0.4196780991334913,0.030998689049390068,-13.538575727019298,1.385963228869903e-41,20913,1826,4381,lesep,affective,-0.3799372956018582,-0.4594189026651244
post06,-0.22569495067156503,0.034377461169477506,-6.565201239233785,5.31821167730343e-11,20913,1470,4381,lesep,affective,-0.1816186406605358,-0.26977126068259427
post09,-0.1931374934655748,0.033727621848496286,-5.7263893177272935,1.0399692665909756e-8,20913,1296,4381,lesep,affective,-0.14989174652473752,-0.23638324040641207
post12,-0.09536322103431012,0.02715652867920226,-3.511613069579977,4.4633438449699544e-4,20913,2334,4381,lesep,affective,-0.06055087194680193,-0.13017557012181832
post24,-0.036423134414549925,0.0200515313623341,-1.8164764454334468,0.06931162752708701,20913,6361,4381,lesep,affective,-0.010723393646933664,-0.062122875182166186
post36,0.017154931699287976,0.021206380848620178,0.8089514105092659,0.4185522984809952,20913,5552,4381,lesep,affective,0.044335236860155655,-0.010025373461579699
post48,0.02041735879654034,0.024334586542710934,0.8390263282552487,0.40146412572483525,20913,4858,4381,lesep,affective,0.05160762843305453,-0.010772910839973851
pre24,0.055495666034246424,0.03966883381783073,1.3989739725926025,0.16187450122594033,5774,1320,1271,ledsc,affective,0.10635879611668816,0.004632535951804677
pre12,-0.10846089588279267,0.03959105138851122,-2.739530577717028,0.0061715949545530936,5774,1483,1271,ledsc,affective,-0.05770029551871524,-0.1592214962468701
post03,-0.44008262634359185,0.06881287101326392,-6.395353367232191,1.727524504298975e-10,5774,389,1271,ledsc,affective,-0.3517449783657858,-0.5284202743213979
post06,-0.4369131172341398,0.07220664324372565,-6.050871465654305,1.5311388319661216e-9,5774,337,1271,ledsc,affective,-0.3441942832373258,-0.5296319512309537
post09,-0.3035832809125487,0.07948631579752094,-3.8193150338717428,1.3522605918640156e-4,5774,263,1271,ledsc,affective,-0.20145996692780058,-0.4057065948972969
post12,-0.1873346274771505,0.060491011435154445,-3.09690023414422,0.0019649371812749507,5774,470,1271,ledsc,affective,-0.1097029285152146,-0.26496632643908635
post24,0.03998879490721638,0.049788373505109076,0.8031753618766617,0.4219064443899564,5774,1484,1271,ledsc,affective,0.10382359801692598,-0.02384600820249322
post36,0.027174431084738986,0.05526024548650366,0.4917537163561074,0.6229121528078373,5774,1307,1271,ledsc,affective,0.0980291248988886,-0.043680262729410634
post48,0.13415708621755315,0.06765891820081767,1.9828440918810293,0.04743215876452872,5774,1151,1271,ledsc,affective,0.22091531581340945,0.04739885662169685
pre24,0.08176929671763533,0.019253528391988663,4.24697723206201,2.1759896427999464e-5,21157,5354,4158,lebth,affective,0.1064467315279012,0.057091861907369465
pre12,0.05441874658700719,0.018516960187591466,2.938859620353568,0.0032977802518333035,21157,6220,4158,lebth,affective,0.07815170686874348,0.0306857863052709
post03,-0.09149393892392511,0.028801408383940907,-3.176717530762847,0.0014916594332705058,21157,1945,4158,lebth,affective,-0.05457090195785114,-0.1284169758899991
post06,-0.044698829473350715,0.028889082421225752,-1.5472568087004739,0.12181628927649162,21157,1642,4158,lebth,affective,-0.0076610707910576906,-0.08173658815564375
post09,-0.04426373276531361,0.03172007762559914,-1.3954484376668526,0.16289529906475553,21157,1509,4158,lebth,affective,-0.0035950021432305454,-0.08493246338739668
post12,-0.06007959489070728,0.02970788949161021,-2.0223447683038653,0.04315330392024108,21157,1676,4158,lebth,affective,-0.021992381484429786,-0.09816680829698476
post24,-0.06525201074951716,0.019797831802907024,-3.2959170175360235,9.826239630427282e-4,21157,6248,4158,lebth,affective,-0.03987738514379258,-0.09062663635524174
post36,-0.12285099352387083,0.022280757679167457,-5.5137709090897165,3.553306423103096e-8,21157,5616,4158,lebth,affective,-0.09429369392079157,-0.1514082931269501
post48,-0.08141335619464869,0.024929156059863178,-3.2657887013562834,0.0010933327339236899,21157,4999,4158,lebth,affective,-0.04946113403084257,-0.11336557835845482
pre24,0.045778212043594495,0.01661127236408152,2.755852233365369,0.005858318768687242,24226,7848,4689,leprg,affective,0.06706820643225889,0.02448821765493011
pre12,0.04737138956334819,0.015237215500897752,3.1089269270069155,0.0018798567508691033,24226,9065,4689,leprg,affective,0.06690009021692683,0.027842688909769542
post03,-0.059737806976830295,0.027049786524448546,-2.2084391284506872,0.027223005026795522,24226,1952,4689,leprg,affective,-0.025060369112559204,-0.09441524484110139
post06,-0.004058243043085897,0.02433971238526164,-0.16673340172841458,0.8675812141464725,24226,2272,4689,leprg,affective,0.027143429536764775,-0.03525991562293657
post09,-0.017108450176045384,0.023836235493772326,-0.7177496706858469,0.4729185717492943,24226,2403,4689,leprg,affective,0.013447318176561394,-0.04766421852865216
post12,-0.038212174195794237,0.0207913556707429,-1.8378875721685382,0.06609121126965645,24226,3430,4689,leprg,affective,-0.011561845605060506,-0.06486250278652797
post24,-0.040326606074016225,0.015529790574540809,-2.596725685414378,0.009417390893664704,24226,9283,4689,leprg,affective,-0.020422962119784126,-0.06023025002824832
post36,-0.05592130626008285,0.01644439859452604,-3.4006294568107687,6.733937589582231e-4,24226,8297,4689,leprg,affective,-0.03484528325321232,-0.07699732926695338
post48,-0.09863939162116951,0.02017844350140234,-4.8883548235181955,1.023323332314893e-6,24226,7394,4689,leprg,affective,-0.07277736488367756,-0.12450141835866146
pre24,-0.022639712334360483,0.026263148385606717,-0.8620334470930369,0.3886820959477141,15921,3221,3715,lemar,affective,0.011024773004768076,-0.05630419767348904
pre12,0.03470703074936288,0.026330547170849507,1.3181279722051107,0.18747977576846117,15921,3884,3715,lemar,affective,0.06845672636966127,9.57335129064478e-4
post03,0.13099514473928528,0.04552576325203965,2.8773849218973044,0.004015191426925872,15921,805,3715,lemar,affective,0.1893867352235336,0.07260355425503695
post06,0.019385566455524375,0.04520867537496377,0.4288019123484418,0.6680731885548816,15921,861,3715,lemar,affective,0.07736735353342372,-0.038596220622374965
post09,-0.015086452617583755,0.04329357455456923,-0.3484686301097196,0.7274928763717496,15921,905,3715,lemar,affective,0.0404370697846337,-0.07060997501980121
post12,0.03087035390839169,0.03539396929608302,0.872192481440844,0.38311653327154693,15921,1744,3715,lemar,affective,0.07624674837055073,-0.014506040553767342
post24,-0.07349661491832422,0.03228784262306187,-2.276293767172559,0.02284164947802413,15921,4135,3715,lemar,affective,-0.03211146648419681,-0.11488176335245164
post36,-0.05508417429102026,0.036999722962690676,-1.4887726145021507,0.1365670627983897,15921,3721,3715,lemar,affective,-0.007658699607577743,-0.10250964897446278
post48,-0.10192823574484293,0.04564216505151259,-2.233203346725661,0.025549377788018097,15921,3278,3715,lemar,affective,-0.04342365398066595,-0.16043281750901991
pre24,-0.04391296864685165,0.022104364213744,-1.9866198467516902,0.04698225696653571,15379,3963,3029,lertr,affective,-0.015580362104701245,-0.07224557518900206
pre12,-0.06198030688892409,0.021663101408261585,-2.8611003438910583,0.004227425324108665,15379,4428,3029,lertr,affective,-0.03421378205186476,-0.08974683172598343
post03,0.045639959798963,0.0451795216958705,1.0101913009657777,0.3124195392840779,15379,733,3029,lertr,affective,0.10359214649383866,-0.012312226895912659
post06,0.008464816540292994,0.04790176617025624,0.17671199241812244,0.8597369474932164,15379,602,3029,lertr,affective,0.06992095145199637,-0.052991318371410384
post09,0.0594668036727914,0.04581156279908302,1.2980741114114906,0.19428133622090404,15379,591,3029,lertr,affective,0.11824249341501956,6.911139305632308e-4
post12,-0.06109747139536212,0.033817922821779256,-1.806659495834393,0.07083492464158883,15379,1476,3029,lertr,affective,-0.017738640590914616,-0.10445630219980961
post24,0.019992138157427935,0.02387964518792431,0.8372041544209272,0.40249083210113534,15379,4341,3029,lertr,affective,0.05059979365417238,-0.01061551733931651
post36,-7.064929608719307e-5,0.026166766389564323,-0.0026999628091367456,0.9978457789965252,15379,3757,3029,lertr,affective,0.033469310061020795,-0.033610608653195186
post48,0.010561529118319743,0.031273172981110965,0.33771850156358996,0.7355799402702689,15379,3294,3029,lertr,affective,0.05064775445881285,-0.029524696222173366
pre24,0.012203866258822908,0.015451068898638195,0.7898396116723365,0.42962737075842394,31590,8661,6012,leprm,affective,0.03200671837929735,-0.0075989858616515304
pre12,0.05185230848387733,0.014411660254315617,3.597941359209463,3.2123570500476204e-4,31590,10042,6012,leprm,affective,0.07032280941384628,0.03338180755390837
post03,0.07548485380662019,0.01945360365138545,3.880250423486155,1.0456066066527486e-4,31590,4133,6012,leprm,affective,0.10041963642342144,0.05055007118981894
post06,0.05541988201391836,0.02267661399230051,2.4439222730843024,0.01453398729265741,31590,2757,6012,leprm,affective,0.08448809965671385,0.02635166437112288
post09,0.001253635492083047,0.026462237659937837,0.047374508089350745,0.9622150452741796,31590,1956,6012,leprm,affective,0.035177820639785036,-0.03267054965561895
post12,0.019692075709503352,0.028477069890431424,0.6915063869025403,0.4892524501789488,31590,1670,6012,leprm,affective,0.05620135977709227,-0.016817208358085572
post24,0.00796929163691639,0.014771434907835791,0.5395069393487918,0.5895409125701585,31590,10191,6012,leprm,affective,0.026900874459795082,-0.010962291185962302
post36,-0.016995187159672496,0.01570698006106221,-1.0820149445407248,0.2792541467910201,31590,9025,6012,leprm,affective,0.0031355913848941618,-0.03712596570423915
post48,-0.0014847816326464271,0.018065510284614218,-0.08218874580647552,0.9344971434253841,31590,7990,6012,leprm,affective,0.021669015897063937,-0.02463857916235679
pre24,-0.02458135936475863,0.010399615417947247,-2.3636796532242035,0.018097623520264085,59923,19399,10479,lejob,affective,-0.011253262059783336,-0.03790945666973392
pre12,-0.062252101190216624,0.009792522186011917,-6.357105963889502,2.0706423101390946e-10,59923,22235,10479,lejob,affective,-0.04970210617940528,-0.07480209620102797
post03,0.09170234301473557,0.013905863159036538,6.594509234411963,4.301974171170742e-11,59923,7925,10479,lejob,affective,0.10952490951829538,0.07387977651117575
post06,0.007077325790321733,0.014994432068654357,0.47199692245208674,0.6369307039646868,59923,6582,10479,lejob,affective,0.02629539277499003,-0.012140741194346563
post09,0.02805288039886121,0.016029410676904172,1.7500880702545691,0.08010823587677797,59923,5459,10479,lejob,affective,0.04859788335922381,0.007507877438498605
post12,-0.0105580347054976,0.017518781611810585,-0.6026694629482522,0.5467308807726585,59923,4380,10479,lejob,affective,0.011896574694002201,-0.0330126441049974
post24,-0.016321816667644616,0.00982001128423855,-1.662097547061039,0.09649844783545587,59923,22458,10479,lejob,affective,-0.0037365956264195418,-0.02890703770886969
post36,-0.002593245000785414,0.010613044927419992,-0.2443450506918589,0.8069644318033841,59923,19763,10479,lejob,affective,0.011008374009132321,-0.01619486401070315
post48,-0.006678110340495432,0.011761826769282698,-0.5677783282726159,0.5701876243871671,59923,17332,10479,lejob,affective,0.008395851733466807,-0.021752072414457674
pre24,0.013232449197218919,0.02088912281163896,0.6334612188620045,0.5264399036958262,19563,4792,4058,lefrd,affective,0.04000662893261413,-0.013541730538176287
pre12,-0.06844813589267043,0.01991290313197501,-3.437376028950811,5.886012668315141e-4,19563,5455,4058,lefrd,affective,-0.042925632391969594,-0.09397063939337127
post03,-0.06332266780936678,0.02940506060554759,-2.153461564279866,0.031294602665673625,19563,1954,4058,lefrd,affective,-0.025625815472695004,-0.10101952014603856
post06,-0.026034810048253476,0.03395359800311301,-0.766776176294085,0.4432238560858337,19563,1393,4058,lefrd,affective,0.01749913649095508,-0.06956875658746203
post09,-0.017247576467801014,0.03615666760467456,-0.4770233987374196,0.6333507883483414,19563,1155,4058,lefrd,affective,0.029115597868030522,-0.06361075080363254
post12,0.0052712969685879945,0.03394237299328025,0.15530136828181051,0.876585339219129,19563,1304,4058,lefrd,affective,0.04879226266190907,-0.03824966872473308
post24,-0.020481600873675454,0.021869952266607828,-0.9365178590237629,0.3490181825187457,19563,5436,4058,lefrd,affective,0.007549277695817869,-0.04851247944316878
post36,-0.004409036473219971,0.024260485394715918,-0.18173735609512107,0.8557907310955586,19563,4700,4058,lefrd,affective,0.026686398028352,-0.035504470974791945
post48,1.5079938178832002e-4,0.02804136249293596,0.005377748025842491,0.9957092533939179,19563,4070,4058,lefrd,affective,0.03609308655911524,-0.03579148779553859
pre24,0.002044223125462057,0.02127389282099168,0.09609069400993465,0.9234494894298901,20328,4447,4059,lefni,affective,0.029311865256664932,-0.025223419005740814
pre12,-0.043272229400436624,0.020828799735990538,-2.0775191057056253,0.03776619679655774,20328,5091,4059,lefni,affective,-0.016575583720043818,-0.06996887508082943
post03,0.07479574242442512,0.030342944234503705,2.465012684542756,0.013709043803841406,20328,1709,4059,lefni,affective,0.1136968357899855,0.03589464905886473
post06,0.04913445725629583,0.03196748387612222,1.537013593146638,0.12430554460481198,20328,1371,4059,lefni,affective,0.09012220014047986,0.008146714372111792
post09,0.06801683264526444,0.03726723815290466,1.825110633801102,0.06799900293269576,20328,1046,4059,lefni,affective,0.11580693080374199,0.020226734486786885
post12,0.06607100629641582,0.036278841803760106,1.8211994377827112,0.06859123779996773,20328,1055,4059,lefni,affective,0.1125933710352274,0.01954864155760424
post24,0.041096417780739296,0.022889234254860343,1.7954474720801463,0.0725972818528684,20328,5116,4059,lefni,affective,0.07043394067582848,0.011758894885650122
post36,0.02982070973975281,0.024506845970881458,1.216831809984246,0.22368234161529166,20328,4553,4059,lefni,affective,0.06123205503927905,-0.001590635559773436
post48,0.04907879056285614,0.02870248659577606,1.7099142403250427,0.0872969932929315,20328,4034,4059,lefni,affective,0.08586853326743635,0.012289047858275934
pre24,0.0066150965774782276,0.02081029017561016,0.317876229579498,0.7505826681534319,17267,4436,3445,lefnw,affective,0.03328852955372769,-0.020058336398771234
pre12,-0.1086361547490187,0.01971185846612218,-5.511208135738515,3.614788295850511e-8,17267,5080,3445,lefnw,affective,-0.08337110559695889,-0.13390120390107854
post03,-0.4094807877981094,0.032763217476039386,-12.49818605567581,1.0899370359422666e-35,17267,1517,3445,lefnw,affective,-0.36747473093938987,-0.451486844656829
post06,-0.32775332203365765,0.03355896427911733,-9.766490983084601,1.7926836997872363e-22,17267,1270,3445,lefnw,affective,-0.2847233788152939,-0.3707832652520214
post09,-0.3183464261737249,0.03767005345892815,-8.450915168485748,3.117557286466288e-17,17267,988,3445,lefnw,affective,-0.27003797716784006,-0.3666548751796097
post12,-0.29144466371431543,0.032868275517122576,-8.867050647743557,8.23047019343045e-19,17267,1382,3445,lefnw,affective,-0.24930211491760082,-0.33358721251103
post24,-0.09878994767253327,0.020212262001262533,-4.887624535361875,1.0297597035627104e-6,17267,5187,3445,lefnw,affective,-0.07288359169664638,-0.12469630364842016
post36,-0.06812267204937618,0.02174709932974149,-3.1324946383176315,0.0017361727602249655,17267,4581,3445,lefnw,affective,-0.040248622448114,-0.09599672165063836
post48,-0.02100750245269364,0.02520161344279901,-0.8335776794757649,0.4045305383544977,17267,4055,3445,lefnw,affective,0.011294928362696428,-0.05330993326808371
